category_group,category_mid,liquidity_quintile,liquidity_quintile_label,market_count,bucket_count,expected_calibration_error,signed_calibration_gap,low_tail_gap,high_tail_gap,median_volume_contracts,median_open_interest_contracts
Crypto,Bitcoin,1,Q1 Lowest,7679,20,0.053111082172157854,-0.033866388852715174,-0.04001834488381573,0.032796564680622725,140.0,124.0
Crypto,Bitcoin,2,Q2 Low-Mid,8207,20,0.05536615084683806,-0.037383940538564656,-0.040895643363728466,0.02463483146067414,329.0,287.0
Crypto,Bitcoin,3,Q3 Mid,12661,20,0.05355343179843612,-0.03385198641497514,-0.039316040955631404,0.024885993485341956,900.0,723.0
Crypto,Bitcoin,4,Q4 Mid-High,23578,20,0.04275680719314617,-0.027581643905335455,-0.0350435979807251,0.017557574206755435,2832.0,2029.5
Crypto,Bitcoin,5,Q5 Highest,24705,20,0.023151993523578225,-0.008637522768670306,-0.01832355665328805,0.012850691775557274,13465.0,7152.0
Crypto,Ethereum,1,Q1 Lowest,5001,20,0.07002399520095981,-0.04332133573285344,-0.047726347914547294,0.02125305126118786,146.0,120.0
Crypto,Ethereum,2,Q2 Low-Mid,6117,20,0.07548471472944251,-0.042945888507438315,-0.043981275078020514,0.028243488794669848,330.0,274.0
Crypto,Ethereum,3,Q3 Mid,8767,20,0.07284589939546025,-0.03843504049275691,-0.05018318068276437,0.0298870512303349,855.0,669.0
Crypto,Ethereum,4,Q4 Mid-High,9357,20,0.06534893662498667,-0.028106230629475242,-0.04160232147363109,0.03171449067431858,2556.0,1825.0
Crypto,Ethereum,5,Q5 Highest,4442,20,0.05511031067086896,-0.014308869878433165,-0.03514761137949544,0.030308517773306436,9923.0,5799.5
Crypto,Other Crypto,1,Q1 Lowest,1366,20,0.06453879941434847,-0.03506588579795022,-0.034626168224299064,-0.014254545454545454,141.0,123.0
Crypto,Other Crypto,2,Q2 Low-Mid,1581,20,0.07774193548387097,-0.01961416824794433,0.014737903225806459,0.00400000000000001,337.0,294.0
Crypto,Other Crypto,3,Q3 Mid,1592,20,0.06951005025125628,-0.030690954773869343,-0.022404181184668987,0.004657534246575346,847.0,655.5
Crypto,Other Crypto,4,Q4 Mid-High,1034,20,0.07551257253384913,-0.0045647969052224294,0.0015999999999999988,0.030405904059040603,2069.5,1500.0
Entertainment,Movies,5,Q5 Highest,1024,12,0.017011718749999984,0.0014257812499999818,-0.013781818181818183,0.015150214592274641,30074.5,12033.0
Finance,Forex,1,Q1 Lowest,1780,20,0.07078089887640451,-0.033275280898876415,-0.04644569816643159,0.018344594594594595,138.0,110.0
Finance,Forex,2,Q2 Low-Mid,1634,20,0.05367809057527539,-0.032466340269277846,-0.0367125382262997,0.007625899280575488,324.0,243.5
Finance,Forex,3,Q3 Mid,1326,20,0.06684766214177978,-0.038446455505279045,-0.04044169611307421,-0.024578754578754643,821.0,537.5
Finance,NASDAQ,1,Q1 Lowest,3596,20,0.07229977753058954,-0.006838153503893215,-0.03948005698005698,0.0434560143626571,135.0,111.0
Finance,NASDAQ,2,Q2 Low-Mid,3595,20,0.06810848400556328,-0.0056717663421418695,-0.03553398058252428,0.04197952218430032,323.0,254.0
Finance,NASDAQ,3,Q3 Mid,4935,20,0.05618844984802431,-0.00043971631205675017,-0.03140114167099118,0.040444038929440346,857.0,600.0
Finance,NASDAQ,4,Q4 Mid-High,6228,20,0.04281470777135517,-0.007178869621066152,-0.02618553357119689,0.030545073375262057,2660.0,1740.5
Finance,NASDAQ,5,Q5 Highest,6890,20,0.020393323657474614,-0.008024673439767765,-0.014363936747698843,0.011748971193415683,14898.5,7467.0
Finance,S&P 500,1,Q1 Lowest,2310,20,0.04693939393939393,-0.0025497835497835606,-0.028663446054750397,0.03410958904109585,133.0,116.0
Finance,S&P 500,2,Q2 Low-Mid,2503,20,0.044198961246504194,-0.01127846584099081,-0.033110761979575805,0.028349206349206357,325.0,281.0
Finance,S&P 500,3,Q3 Mid,3368,20,0.04462292161520191,-0.006588479809976232,-0.03165377751338489,0.0344191343963554,909.5,650.0
Finance,S&P 500,4,Q4 Mid-High,5899,20,0.039555856924902544,-0.004783861671469728,-0.028045425463851567,0.032351339083068587,2893.0,1800.0
Finance,S&P 500,5,Q5 Highest,9305,20,0.027673293927995713,-0.005493820526598586,-0.020149365197908886,0.024340385812072225,17005.0,7736.0
Sports,Golf,5,Q5 Highest,1831,13,0.016832332058984153,-0.015182960131075922,-0.013021582733812952,0.010863309352517891,34722.0,28778.0
Sports,MLB,5,Q5 Highest,4966,14,0.012492952074103985,-0.002581554571083286,-0.012449704142011834,0.009680497925311369,76723.5,47720.0
Sports,NBA,1,Q1 Lowest,1608,20,0.06404850746268657,-0.05981965174129353,-0.04096969696969697,-0.02909090909090907,140.0,139.5
Sports,NBA,2,Q2 Low-Mid,1655,20,0.03389728096676737,-0.028870090634441088,-0.0182367758186398,0.009571428571428555,307.0,304.0
Sports,NBA,3,Q3 Mid,1767,20,0.02988681380871534,-0.022484436898698362,-0.014012282497441148,0.006774193548387092,826.0,786.0
Sports,NBA,4,Q4 Mid-High,2365,20,0.0186596194503171,-0.009822410147991569,-0.012560060060060057,0.01029900332225906,2631.0,2200.0
Sports,NBA,5,Q5 Highest,3514,20,0.014285714285714261,-0.0034547524188958735,-0.011646090534979425,0.010135211267605578,27279.5,18086.5
Sports,NCAA Basketball,1,Q1 Lowest,2016,12,0.01180059523809526,-0.002842261904761884,-0.01029011786038078,0.009100998890122133,200.0,200.0
Sports,NCAA Basketball,2,Q2 Low-Mid,4268,12,0.011961105904404851,-0.00685332708528587,-0.011565557729941292,0.006145151695419337,266.0,258.0
Sports,NCAA Basketball,3,Q3 Mid,1874,15,0.009642475987193134,-0.009002134471718215,-0.00672645739910314,-0.005292887029288634,813.5,729.5
Sports,NCAA Basketball,4,Q4 Mid-High,2777,16,0.012189413035649993,-0.0023082463089665016,-0.00862313139260425,0.007267165193745769,1800.0,1700.0
Sports,NCAA Basketball,5,Q5 Highest,1884,16,0.01402866242038214,-0.008147558386411917,-0.011341463414634148,0.006129441624365419,48680.0,36862.0
Sports,NCAA Football,2,Q2 Low-Mid,2605,20,0.03663723608445295,-0.028852207293666055,-0.012165775401069518,0.011060948081264033,345.0,332.0
Sports,NCAA Football,3,Q3 Mid,2959,20,0.038820547482257495,-0.026228455559310596,-0.010315315315315314,0.009668386145910047,887.0,791.0
Sports,NCAA Football,4,Q4 Mid-High,4075,20,0.026586503067484668,-0.019352147239263796,-0.011998958875585634,0.007074327886136016,2632.0,2155.0
Sports,NCAA Football,5,Q5 Highest,5250,20,0.01664761904761906,-0.0069333333333333235,-0.011651592607156902,0.008879044684129454,20934.0,15562.5
Sports,NFL,1,Q1 Lowest,75917,20,0.028910125531830814,-0.02886138809489311,-0.019112313465398375,-0.0076183431952662715,143.0,142.0
Sports,NFL,2,Q2 Low-Mid,68205,20,0.023235979766879265,-0.023169122498350566,-0.013319945465934633,-0.020713266761768854,322.0,317.0
Sports,NFL,3,Q3 Mid,54858,20,0.0178054249152357,-0.0178054249152357,-0.009805116776998536,-0.015339805825242712,813.0,798.0
Sports,NFL,4,Q4 Mid-High,29308,20,0.019202265593012142,-0.019122423911559983,-0.00981267770530189,-0.0007238229093464663,2133.0,2060.0
Sports,NFL,5,Q5 Highest,9819,20,0.023776351970669136,-0.0185762297586312,-0.015518823157228722,0.006818535825545266,13210.0,11720.0
Sports,NHL,5,Q5 Highest,1452,15,0.014621212121212144,-0.0024999999999999805,-0.012377622377622379,0.009470013947001435,104830.5,72966.0
Sports,Soccer,5,Q5 Highest,3572,14,0.012793952967525207,-0.005610302351623728,-0.012170439414114515,0.009869230769230804,30125.5,18473.5
Sports,Tennis,5,Q5 Highest,5240,20,0.01579198473282443,-0.005963740458015263,-0.01440377358490566,0.009551409289400566,73632.0,42564.5
Weather,High Temp,1,Q1 Lowest,1370,20,0.03038686131386861,-0.023394160583941604,-0.018314703353396387,-0.13547619047619047,150.0,140.0
Weather,High Temp,2,Q2 Low-Mid,2442,20,0.028112203112203103,-0.012272727272727272,-0.018061116965226554,-0.025887096774193458,350.0,300.0
Weather,High Temp,3,Q3 Mid,5742,20,0.024378265412748165,-0.007603622431208646,-0.015291884195538683,0.009925037481259325,905.0,661.5
Weather,High Temp,4,Q4 Mid-High,8843,20,0.01566549813411738,-0.007919258170304198,-0.012741725682902156,0.012749226006191942,2624.0,1748.0
Weather,High Temp,5,Q5 Highest,10148,19,0.01152837997635003,-0.005042372881355924,-0.010773427908880098,0.010659697188175953,14066.5,8204.5
