category_group,horizon_label,horizon_hours,freshness_filter,market_count,bucket_count,expected_calibration_error,signed_calibration_gap,low_tail_gap,high_tail_gap,median_staleness_age_hours,baseline_market_count,retained_share
Sports,30d,720.0,all,1194,20,0.042437185929648236,-0.008768844221105538,-0.019710365853658537,0.026601307189542452,61.93180555555557,1194,1.0
Sports,30d,720.0,<=1h,94,18,0.16510638297872338,-0.024680851063829775,-0.04264705882352941,-0.18000000000000005,0.2315277777777851,1194,0.07872696817420435
Sports,30d,720.0,<=6h,244,20,0.0738934426229508,-0.009467213114754106,-0.02805555555555556,-0.06208333333333325,1.8920833333333462,1194,0.20435510887772193
Sports,30d,720.0,<=24h,405,20,0.07441975308641975,-0.01269135802469136,-0.03163742690058479,-0.01780000000000002,5.032222222222231,1194,0.3391959798994975
Sports,7d,168.0,all,5188,20,0.02989784117193524,-0.023078257517347718,-0.022982134677049928,0.0009189189189189902,7.658888888888882,5188,1.0
Sports,7d,168.0,<=1h,1290,20,0.04275193798449612,-0.01886046511627907,-0.029025423728813563,-0.019523809523809495,0.2466666666666697,5188,0.24865073245952196
Sports,7d,168.0,<=6h,2451,20,0.03294573643410853,-0.0222562219502244,-0.03110108303249097,-0.016022727272727258,0.88055555555556,5188,0.47243639167309176
Sports,7d,168.0,<=24h,3280,20,0.029097560975609765,-0.021664634146341455,-0.02804054054054054,-0.008413597733711108,1.7447222222222223,5188,0.6322282189668466
Sports,3d,72.0,all,27053,20,0.006429970798063057,-0.0032547222119543064,-2.3886935173511476e-05,0.004862275449101761,13.824444444444438,27053,1.0
Sports,3d,72.0,<=1h,4443,20,0.021316677920324104,-0.014474454197614228,-0.012429784454604834,0.03511961722488043,0.2547222222222274,27053,0.16423317192178316
Sports,3d,72.0,<=6h,10020,20,0.011205588822355289,-0.006942115768463069,-0.008606031821420088,0.013807106598984754,1.3399999999999963,27053,0.37038406091745835
Sports,3d,72.0,<=24h,17295,20,0.008579936397802837,-0.0020462561433940447,-0.0005529075309818868,0.019783001808318268,4.348055555555561,27053,0.639300632092559
Sports,1d,24.0,all,85118,20,0.010208534035104206,-0.010208534035104206,-0.004617429894028078,-0.026958499147242715,9.09513888888889,85118,1.0
Sports,1d,24.0,<=1h,15476,20,0.017022486430602227,-0.016356939777720344,-0.014580360889634917,0.003470744680851117,0.2656944444444438,85118,0.18181818181818182
Sports,1d,24.0,<=6h,35736,20,0.01630596597268861,-0.01596233490038057,-0.013002598045280218,-0.019004934210526278,1.3308333333333344,85118,0.41984069174557676
Sports,1d,24.0,<=24h,59707,20,0.013379335756276488,-0.013379335756276488,-0.007474128957197968,-0.02843495934959349,3.9761111111111127,85118,0.7014615005051811
Sports,6h,6.0,all,208027,20,0.014472592500012023,-0.014472592500012023,-0.00966487715153056,-0.021892081289418334,5.411111111111111,208027,1.0
Sports,6h,6.0,<=1h,53361,20,0.019775866269372753,-0.019775866269372753,-0.01933127404758034,-0.009247457627118625,0.24083333333333368,208027,0.2565099722632158
Sports,6h,6.0,<=6h,107619,20,0.017359202371328483,-0.017359202371328483,-0.013669182172552178,-0.01809038546743464,1.017777777777778,208027,0.517331884803415
Sports,6h,6.0,<=24h,170684,20,0.017708221040050615,-0.017708221040050615,-0.013062882121865493,-0.0220756143667296,3.0388888888888896,208027,0.8204896479783874
Sports,1h,1.0,all,296487,20,0.02116349114800986,-0.02116349114800986,-0.01201206795604438,-0.011701943376820213,4.731944444444444,296487,1.0
Sports,1h,1.0,<=1h,59617,20,0.012003958602412042,-0.01039066038210576,-0.0028669423040781805,-0.006909127275151619,0.09583333333333344,296487,0.2010779562004405
Sports,1h,1.0,<=6h,169795,20,0.02714791366059069,-0.02714791366059069,-0.015842581526378692,-0.011456964703262388,2.533888888888889,296487,0.5726895277027323
Sports,1h,1.0,<=24h,252425,20,0.02457276418738239,-0.02457276418738239,-0.014612921724170886,-0.0119538596107588,3.852222222222222,296487,0.8513864014273813
Finance,30d,720.0,all,2100,20,0.031219047619047632,-0.0032761904761904686,-0.001301684532924961,0.021738437001594935,57.877916666666636,2100,1.0
Finance,30d,720.0,<=1h,132,20,0.1084090909090909,0.0006818181818181672,-0.018421052631578956,0.05285714285714283,0.3895833333333485,2100,0.06285714285714286
Finance,30d,720.0,<=6h,286,20,0.08122377622377623,-0.0033916083916083945,-0.030754716981132083,0.04531250000000001,1.1744444444444753,2100,0.1361904761904762
Finance,30d,720.0,<=24h,761,20,0.05674113009198423,0.0010249671484888262,-0.00860335195530726,0.04219512195121952,9.224722222222226,2100,0.36238095238095236
Finance,7d,168.0,all,3274,20,0.023231521075137446,-0.001844838118509479,-0.008361629881154504,0.019312267657992547,39.08583333333334,3274,1.0
Finance,7d,168.0,<=1h,266,20,0.10447368421052634,-0.048157894736842115,-0.045000000000000005,-0.05529411764705884,0.2576388888888914,3274,0.08124618204031765
Finance,7d,168.0,<=6h,532,20,0.0631390977443609,-0.03479323308270678,-0.020482758620689653,0.0007534246575342168,0.9898611111111109,3274,0.1624923640806353
Finance,7d,168.0,<=24h,1477,20,0.038632362897765754,-0.014014895057549066,-0.020309523809523805,0.01641826923076932,9.88055555555556,3274,0.45113011606597436
Finance,3d,72.0,all,7405,20,0.02347197839297771,-0.008565833896016206,0.004218533886583681,0.007777777777777774,18.21527777777777,7405,1.0
Finance,3d,72.0,<=1h,966,20,0.047795031055900605,-0.027567287784679092,-0.013651115618661254,0.0345098039215686,0.33083333333333087,7405,0.13045239702903444
Finance,3d,72.0,<=6h,2385,20,0.036490566037735844,-0.024666666666666663,-0.0023148148148148117,0.011617021276595715,1.5980555555555611,7405,0.32207967589466574
Finance,3d,72.0,<=24h,4256,20,0.02827537593984962,-0.02197368421052632,-0.0044513457556935795,-0.0051318101933216466,5.1243055555555515,7405,0.57474679270763
Finance,1d,24.0,all,10930,20,0.010203110704483069,-0.0032223238792314663,0.0003633414436334118,-0.010494677520350583,18.797777777777778,10930,1.0
Finance,1d,24.0,<=1h,1739,20,0.023076480736055203,-0.00821736630247269,0.0046133333333333365,0.00040462427745664134,0.3099999999999987,10930,0.15910338517840805
Finance,1d,24.0,<=6h,3868,20,0.012169079627714586,-0.008430713547052748,-0.0014095335725269097,-0.018193717277487004,1.3166666666666664,10930,0.35388838060384264
Finance,1d,24.0,<=24h,6182,20,0.011389517955354247,-0.00945163377547719,0.000959692898272549,-0.026472148541113984,3.68986111111111,10930,0.5655992680695334
Finance,6h,6.0,all,31114,20,0.009198431574210953,0.002953011506074435,0.002262350936967633,-0.010382418673950827,0.41888888888888864,31114,1.0
Finance,6h,6.0,<=1h,18560,20,0.006620150862068956,0.0023292025862069084,0.0028333560802511247,-0.010699797160243309,0.1287499999999997,31114,0.5965160377964903
Finance,6h,6.0,<=6h,22521,20,0.0067656853603303676,0.0036308334443408323,0.002056024226692619,-0.0022047244094488567,0.1911111111111108,31114,0.7238220736645883
Finance,6h,6.0,<=24h,27800,20,0.009403237410071949,0.004776618705035979,0.004955523208798323,-0.010490816019271272,0.3136111111111113,31114,0.8934884617856913
Finance,1h,1.0,all,36721,20,0.02392091718635114,-0.010940333868903354,-0.01825714575309143,0.004644357976653691,1.0852777777777778,36721,1.0
Finance,1h,1.0,<=1h,18005,20,0.020980283254651497,-0.0034529297417384,-0.012680250783699058,0.00441656710473917,0.1511111111111112,36721,0.49031889109773696
Finance,1h,1.0,<=6h,29291,20,0.024783380560581755,-0.009721416134648869,-0.01893506493506493,0.010605504587155963,0.5605555555555555,36721,0.7976634623240108
Finance,1h,1.0,<=24h,33707,20,0.023298127985284946,-0.00994422523511436,-0.017679423120599592,0.0069662138627656365,0.8472222222222223,36721,0.9179216252280711
Weather,30d,720.0,all,424,20,0.0667688679245283,-0.01247641509433962,-0.03962616822429907,-0.04154929577464786,13.417222222222222,424,1.0
Weather,30d,720.0,<=1h,36,19,0.24833333333333332,-0.026666666666666658,-0.051666666666666666,0.08249999999999999,0.6716666666666242,424,0.08490566037735849
Weather,30d,720.0,<=6h,117,20,0.1252991452991453,0.025299145299145297,-0.08,0.017500000000000043,1.7808333333333621,424,0.2759433962264151
Weather,30d,720.0,<=24h,255,20,0.09878431372549021,-0.016431372549019618,-0.053478260869565225,-0.07071428571428572,6.825833333333321,424,0.6014150943396226
Weather,7d,168.0,all,749,20,0.0385313751668892,0.018558077436582113,-0.0008579088471849849,0.02085858585858587,24.44638888888889,749,1.0
Weather,7d,168.0,<=1h,71,18,0.16267605633802815,-0.10014084507042252,-0.0445,-0.014999999999999921,0.4449999999999932,749,0.09479305740987984
Weather,7d,168.0,<=6h,190,20,0.10510526315789472,0.023210526315789494,0.039117647058823535,0.01815789473684216,1.6409722222222172,749,0.253671562082777
Weather,7d,168.0,<=24h,372,20,0.06620967741935482,0.03626344086021506,0.02543749999999999,0.025466666666666703,5.517638888888882,749,0.49666221628838453
Weather,3d,72.0,all,821,20,0.042253349573690625,0.02140073081607796,-0.012616407982261641,0.0181609195402299,32.058055555555555,821,1.0
Weather,3d,72.0,<=1h,99,20,0.1423232323232323,0.09181818181818181,0.006874999999999992,0.021538461538461576,0.3125,821,0.12058465286236297
Weather,3d,72.0,<=6h,222,20,0.10324324324324326,0.06225225225225226,0.004673913043478267,0.012786885245901665,1.2390277777777712,821,0.27040194884287455
Weather,3d,72.0,<=24h,377,20,0.07777188328912467,0.05432360742705569,0.0010982658959537595,0.020344827586206902,3.7361111111111143,821,0.4591961023142509
Weather,1d,24.0,all,28723,20,0.014767259687358565,-0.01255439891376249,-0.013050298804780876,-0.0009726962457337616,1.024166666666666,28723,1.0
Weather,1d,24.0,<=1h,14108,20,0.013334278423589453,-0.008216614686702583,-0.011959134615384613,-0.008287671232876721,0.23638888888888943,28723,0.49117432023117363
Weather,1d,24.0,<=6h,25522,20,0.013540866703236417,-0.01116801191129221,-0.011162034299231226,-0.011687898089171934,0.7788888888888899,28723,0.8885562093096125
Weather,1d,24.0,<=24h,28225,20,0.014855978742249778,-0.012582108060230286,-0.012860671095213761,-0.00782608695652174,1.0005555555555539,28723,0.9826619782056192
Weather,6h,6.0,all,30450,20,0.014190804597701138,-0.00790443349753696,-0.012457334785766157,0.003966865227103427,2.0573611111111108,30450,1.0
Weather,6h,6.0,<=1h,9814,20,0.012829631139188913,-0.0022366007744039117,-0.008758741258741256,0.006678876678876689,0.34125000000000005,30450,0.32229885057471264
Weather,6h,6.0,<=6h,24481,20,0.012887545443405073,-0.004737551570605791,-0.009883807452349609,0.003941664978731946,1.4219444444444447,30450,0.8039737274220032
Weather,6h,6.0,<=24h,29612,20,0.013804538700526808,-0.007265297852222079,-0.011913793103448277,0.00391061452513963,1.9643055555555553,30450,0.9724794745484401
Weather,1h,1.0,all,30550,20,0.015002945990180028,-0.00873060556464812,-0.013544013073627488,0.0078034289594296246,5.754722222222222,30550,1.0
Weather,1h,1.0,<=1h,3810,20,0.013089238845144359,-0.0020918635170603644,-0.008754052802223253,0.007885638297872349,0.4241666666666667,30550,0.12471358428805238
Weather,1h,1.0,<=6h,15914,20,0.01264609777554354,-0.003811109714716608,-0.010604139474174903,0.0086325878594249,2.4891666666666667,30550,0.5209165302782324
Weather,1h,1.0,<=24h,29337,20,0.01446978218631762,-0.00762791014759519,-0.012864941737774109,0.007874430024552771,5.503333333333333,30550,0.9602945990180033
Crypto,30d,720.0,all,103,19,0.18194174757281553,0.14485436893203885,0.035454545454545454,0.07999999999999999,9.269444444444389,103,1.0
Crypto,30d,720.0,<=1h,23,16,0.3773913043478261,0.3591304347826087,0.09166666666666667,0.12,0.3291666666666515,103,0.22330097087378642
Crypto,30d,720.0,<=6h,44,16,0.2222727272727273,0.2,0.0006666666666666673,0.12,0.7698611111110836,103,0.42718446601941745
Crypto,30d,720.0,<=24h,75,17,0.19799999999999998,0.1684,0.014827586206896549,0.12,3.2811111111111586,103,0.7281553398058253
Crypto,7d,168.0,all,247,20,0.13040485829959514,0.10327935222672067,0.006168224299065419,-0.09608695652173913,1.9897222222222126,247,1.0
Crypto,7d,168.0,<=1h,99,20,0.20202020202020202,0.11474747474747474,-0.011923076923076922,-0.25416666666666665,0.4838888888888846,247,0.4008097165991903
Crypto,7d,168.0,<=6h,151,20,0.18119205298013244,0.12158940397350995,-0.0036956521739130417,-0.20357142857142854,0.755833333333328,247,0.611336032388664
Crypto,7d,168.0,<=24h,184,20,0.16358695652173913,0.1166304347826087,0.003283582089552239,-0.18266666666666664,0.926249999999996,247,0.7449392712550608
Crypto,3d,72.0,all,1325,20,0.037788679245283,0.01555471698113207,0.010836236933797911,-0.03957894736842101,6.084166666666661,1325,1.0
Crypto,3d,72.0,<=1h,274,20,0.10875912408759124,0.0524087591240876,-0.022222222222222216,-0.02406249999999994,0.38319444444444173,1325,0.20679245283018868
Crypto,3d,72.0,<=6h,656,20,0.052606707317073155,0.035625,-0.01768421052631579,-0.01666666666666661,1.4309722222222234,1325,0.4950943396226415
Crypto,3d,72.0,<=24h,956,20,0.041945606694560655,0.019665271966527193,-0.011242236024844726,-0.042941176470588184,3.322638888888889,1325,0.7215094339622642
Crypto,1d,24.0,all,3673,20,0.023539341138034315,-0.0011216988837462359,0.02471524288107203,-0.007637931034482655,0.799722222222222,3673,1.0
Crypto,1d,24.0,<=1h,2429,20,0.032906545903664056,0.002260189378344998,0.04387755102040816,-0.022163120567375932,0.432500000000001,3673,0.6613122787911788
Crypto,1d,24.0,<=6h,2829,20,0.02500530222693532,0.0042205726405089945,0.03651612903225806,-0.006200527704485527,0.5491666666666681,3673,0.7702150830383883
Crypto,1d,24.0,<=24h,3116,20,0.023684210526315794,0.0010012836970474852,0.0312909632571996,-0.005476718403547716,0.6343055555555548,3673,0.8483528450857609
Crypto,6h,6.0,all,19733,20,0.02328079866213956,-0.014006993361374346,-0.006956113273386118,0.010753166723724743,1.1727777777777781,19733,1.0
Crypto,6h,6.0,<=1h,9176,20,0.02194638186573671,-0.01888622493461205,-0.014616949152542375,0.003969335604769919,0.30277777777777803,19733,0.4650078548624132
Crypto,6h,6.0,<=6h,14864,20,0.019488024757804086,-0.014810952637244343,-0.009832308552263833,0.006532492725509245,0.6809722222222221,19733,0.7532559671616075
Crypto,6h,6.0,<=24h,19337,20,0.022094947509955023,-0.014137146403268344,-0.006289412088668591,0.010566371681415962,1.1275000000000004,19733,0.9799320934475244
Crypto,1h,1.0,all,22481,20,0.05097148703349495,-0.019321649392820606,-0.03440686839074442,0.0366457539771454,1.7844444444444445,22481,1.0
Crypto,1h,1.0,<=1h,9081,20,0.030568219359101423,-0.010715780200418456,-0.03196237431073629,0.013628879037365385,0.22416666666666663,22481,0.4039411058226947
Crypto,1h,1.0,<=6h,17467,20,0.045889391423827794,-0.018099845422797266,-0.0344359410430839,0.03205364868762622,0.9230555555555555,22481,0.7769672167608203
Crypto,1h,1.0,<=24h,22086,20,0.05041519514624648,-0.019666304446255552,-0.03444765265746979,0.036049015116811724,1.7041666666666666,22481,0.982429607223878
Entertainment,30d,720.0,all,1795,20,0.04105849582172701,-0.03323676880222841,-0.017644492911668485,-0.0010043668122270606,45.43083333333334,1795,1.0
Entertainment,30d,720.0,<=1h,98,19,0.15785714285714286,-0.04051020408163265,-0.06153846153846154,0.09599999999999997,0.48500000000001364,1795,0.05459610027855153
Entertainment,30d,720.0,<=6h,251,20,0.090398406374502,-0.029601593625498007,-0.026627906976744192,0.07888888888888886,1.4099999999999682,1795,0.13983286908077994
Entertainment,30d,720.0,<=24h,713,20,0.05568022440392707,-0.041374474053295925,-0.01858870967741935,-0.033013698630137,9.961666666666702,1795,0.39721448467966575
Entertainment,7d,168.0,all,3725,20,0.0327489932885906,-0.029919463087248323,-0.024273696017947276,0.00022156573116687532,20.407777777777767,3725,1.0
Entertainment,7d,168.0,<=1h,519,20,0.07173410404624278,-0.04934489402697496,-0.03979166666666667,0.053750000000000034,0.35527777777778624,3725,0.13932885906040268
Entertainment,7d,168.0,<=6h,1003,20,0.05379860418743768,-0.03234297108673978,-0.027840531561461795,0.04418918918918917,0.9116666666666617,3725,0.26926174496644295
Entertainment,7d,168.0,<=24h,2007,20,0.03585450921773793,-0.03369207772795218,-0.0248103186646434,-0.010306905370843979,6.00777777777779,3725,0.5387919463087248
Entertainment,3d,72.0,all,5626,20,0.028562033416281548,-0.016123355847849283,-0.01829390203265578,0.00771263418662261,16.577777777777776,5626,1.0
Entertainment,3d,72.0,<=1h,875,20,0.02976000000000001,0.001302857142857139,-0.0032394366197183127,0.014466019417475719,0.29083333333333883,5626,0.15552790615001777
Entertainment,3d,72.0,<=6h,1765,20,0.022968838526912182,-0.009688385269121818,-0.012681481481481483,0.000551181102362165,1.0136111111111177,5626,0.313722004976893
Entertainment,3d,72.0,<=24h,3201,20,0.025535770071852544,-0.012396126210559208,-0.014673913043478256,0.0061507936507936255,4.374166666666667,5626,0.5689655172413793
Entertainment,1d,24.0,all,8189,20,0.024579313713518118,-0.022942972279887675,-0.017210229938995774,-0.0012283464566929861,10.2725,8189,1.0
Entertainment,1d,24.0,<=1h,1861,20,0.033256313809779676,-0.02005910800644816,-0.00845890410958904,-0.006458852867830448,0.30194444444444457,8189,0.22725607522285993
Entertainment,1d,24.0,<=6h,3360,20,0.023836309523809513,-0.02038988095238096,-0.009736842105263158,-0.013236074270557065,0.8165277777777771,8189,0.4103065087312248
Entertainment,1d,24.0,<=24h,5427,20,0.026585590565690067,-0.026154413119587234,-0.01395463917525773,-0.010296643247462881,2.7283333333333317,8189,0.6627182806203443
Entertainment,6h,6.0,all,10370,20,0.01939247830279654,-0.01684281581485052,-0.014280587275693313,0.0032741760231800514,5.3788888888888895,10370,1.0
Entertainment,6h,6.0,<=1h,1978,20,0.03042467138523762,-0.019514661274014158,-0.0012694877505567946,-0.009103585657370504,0.2599999999999998,10370,0.19074252651880425
Entertainment,6h,6.0,<=6h,5456,20,0.018931451612903202,-0.015745967741935457,-0.005396938412246351,-0.0035065748278020363,1.5355555555555558,10370,0.5261330761812922
Entertainment,6h,6.0,<=24h,7590,20,0.017358366271409725,-0.01610935441370221,-0.00975270843146491,-0.0025542965061377603,2.8015277777777783,10370,0.7319189971070396
Entertainment,1h,1.0,all,10632,20,0.01898607975921745,-0.01547027840481566,-0.01605004605465152,0.00330940170940168,7.116388888888888,10632,1.0
Entertainment,1h,1.0,<=1h,3028,20,0.016162483487450464,-0.009953764861294572,-0.0013078470824949703,-0.004735772357723544,0.2843055555555556,10632,0.28480060195635815
Entertainment,1h,1.0,<=6h,4949,20,0.014093756314406942,-0.010278844210951701,-0.005824990730441228,-0.0036405529953916936,0.7433333333333334,10632,0.4654815650865312
Entertainment,1h,1.0,<=24h,7916,20,0.016445174330469936,-0.01423698837796868,-0.012553009209680874,-0.0017992177314211527,2.5044444444444443,10632,0.7445447705041385
Other,30d,720.0,all,2787,20,0.022400430570505916,-0.004653749551489041,-0.01814925373134328,0.010380116959064382,63.82055555555553,2787,1.0
Other,30d,720.0,<=1h,128,19,0.09859375000000001,0.03328125,-0.027000000000000003,0.08500000000000005,0.3547222222222217,2787,0.04592752063150341
Other,30d,720.0,<=6h,388,20,0.08296391752577321,0.013994845360824732,-0.03445378151260504,0.02750000000000001,1.7286111111110927,2787,0.1392177969142447
Other,30d,720.0,<=24h,921,20,0.0428013029315961,-0.0011726384364820987,-0.024864864864864864,0.0013761467889908004,8.200000000000045,2787,0.3304628632938644
Other,7d,168.0,all,5185,20,0.01610800385728062,0.0020443587270974023,-0.007396061269146606,0.015883777239709483,51.294166666666655,5185,1.0
Other,7d,168.0,<=1h,355,20,0.07845070422535212,0.017323943661971833,0.012111111111111107,0.023387096774193608,0.3394444444444389,5185,0.06846673095467695
Other,7d,168.0,<=6h,929,20,0.03146393972012917,0.01559741657696448,-0.006055045871559632,0.010410958904109572,1.5713888888888903,5185,0.17917068466730954
Other,7d,168.0,<=24h,1915,20,0.02688250652741513,0.02186945169712792,0.0016099476439790541,0.01025974025974019,6.305833333333339,5185,0.36933461909353904
Other,3d,72.0,all,6812,20,0.019243981209630064,-0.010694362889019373,-0.010087671232876714,0.01301614273576892,27.853055555555557,6812,1.0
Other,3d,72.0,<=1h,617,20,0.03748784440842787,0.0017990275526742242,0.010053191489361705,-0.01391304347826087,0.3986111111111086,6812,0.09057545507927188
Other,3d,72.0,<=6h,1665,20,0.02640240240240241,-0.004756756756756765,-0.004188976377952755,0.0034385964912280564,1.5536111111111097,6812,0.24442160892542572
Other,3d,72.0,<=24h,3181,20,0.01828670229487582,-0.0050895944671487,-0.005286671630677591,0.012781690140845039,5.248333333333335,6812,0.46697005284791543
Other,1d,24.0,all,7652,20,0.019364871928907484,-0.015857292211186605,-0.01081676646706587,0.007501678979180693,21.844583333333333,7652,1.0
Other,1d,24.0,<=1h,1086,20,0.04312154696132597,-0.017062615101289147,0.008100890207715133,0.015132275132275075,0.3002777777777794,7652,0.14192368008363826
Other,1d,24.0,<=6h,2394,20,0.020401002506265652,-0.010935672514619861,0.0006159014557670801,-0.005391304347826022,1.1602777777777789,7652,0.31285938316779927
Other,1d,24.0,<=24h,3942,20,0.01576864535768644,-0.013231861998985277,-0.004034668260609688,0.0021847690387016786,3.3177777777777777,7652,0.5151594354417146
Other,6h,6.0,all,8712,20,0.018112947658402205,-0.016448576675849404,-0.012152577319587625,0.0008747412008281578,12.580277777777779,8712,1.0
Other,6h,6.0,<=1h,1287,20,0.03869463869463869,-0.029324009324009314,0.002790697674418604,-0.03227074235807856,0.25055555555555564,8712,0.14772727272727273
Other,6h,6.0,<=6h,3104,20,0.019690721649484533,-0.012822164948453611,0.004334085778781038,-0.02140866873065018,1.4159722222222224,8712,0.3562901744719926
Other,6h,6.0,<=24h,5297,20,0.014804606380970357,-0.013324523315084012,-0.0051542207792207775,-0.00412749003984068,4.608888888888888,8712,0.6080119375573921
Other,1h,1.0,all,9126,20,0.021245890861275454,-0.018008985316677655,-0.01711924882629108,0.005087260034903915,11.301111111111112,9126,1.0
Other,1h,1.0,<=1h,2144,20,0.0357089552238806,-0.022929104477611945,-0.016936026936026936,-0.005818815331010473,0.20166666666666666,9126,0.23493315801008108
Other,1h,1.0,<=6h,3689,20,0.02229059365681756,-0.01641366223908918,-0.013829431438127088,-0.0011864406779660923,0.6944444444444444,9126,0.4042296734604427
Other,1h,1.0,<=24h,5873,20,0.01863783415630854,-0.01497360803677849,-0.01310378590078329,0.0014489164086686822,2.443611111111111,9126,0.643545912776682
Esports,30d,720.0,all,9,5,0.15777777777777777,-0.033333333333333326,-0.041999999999999996,,57.296111111111145,9,1.0
Esports,30d,720.0,<=1h,0,0,,,,,,9,0.0
Esports,30d,720.0,<=6h,0,0,,,,,,9,0.0
Esports,30d,720.0,<=24h,4,3,0.2775,0.0025000000000000022,-0.06,,10.913055555555559,9,0.4444444444444444
Esports,7d,168.0,all,12,3,0.07166666666666667,-0.013333333333333336,-0.013000000000000001,,89.33083333333333,12,1.0
Esports,7d,168.0,<=1h,1,1,0.35,0.35,,,0.1580555555555634,12,0.08333333333333333
Esports,7d,168.0,<=6h,3,3,0.24666666666666667,-0.013333333333333345,-0.01,,1.1266666666666652,12,0.25
Esports,7d,168.0,<=24h,3,3,0.24666666666666667,-0.013333333333333345,-0.01,,1.1266666666666652,12,0.25
Esports,3d,72.0,all,23,8,0.1282608695652174,0.00999999999999998,-0.013000000000000001,,14.15805555555555,23,1.0
Esports,3d,72.0,<=1h,4,3,0.2875,0.17750000000000002,,,0.6231944444444437,23,0.17391304347826086
Esports,3d,72.0,<=6h,10,6,0.22400000000000003,-0.11800000000000002,,,1.2465277777777786,23,0.43478260869565216
Esports,3d,72.0,<=24h,12,7,0.18666666666666668,-0.018333333333333358,,,1.4313888888888897,23,0.5217391304347826
Esports,1d,24.0,all,1396,20,0.06787249283667622,-0.06546561604584528,-0.029011680143755613,-0.12181818181818178,10.060277777777781,1396,1.0
Esports,1d,24.0,<=1h,117,18,0.11008547008547008,-0.07555555555555556,-0.023125,0.039999999999999994,0.4044444444444437,1396,0.083810888252149
Esports,1d,24.0,<=6h,455,20,0.08650549450549451,-0.07639560439560439,-0.030880503144654087,-0.05222222222222222,2.1622222222222227,1396,0.32593123209169056
Esports,1d,24.0,<=24h,1157,20,0.06993949870354364,-0.06703543647363873,-0.0282281284606866,-0.12181818181818178,7.960000000000001,1396,0.8287965616045845
Esports,6h,6.0,all,4955,20,0.03865590312815338,-0.0370736629667003,-0.020845188284518826,-0.005797101449275358,3.8647222222222215,4955,1.0
Esports,6h,6.0,<=1h,1072,20,0.031613805970149254,-0.01612873134328358,-0.006485148514851483,0.004565217391304391,0.3894444444444445,4955,0.21634712411705348
Esports,6h,6.0,<=6h,3096,20,0.033145994832041344,-0.030910852713178286,-0.017392787524366467,0.008507462686567116,1.7663888888888888,4955,0.6248234106962663
Esports,6h,6.0,<=24h,4108,20,0.035981012658227854,-0.03407254138266797,-0.01914728682170543,-0.005797101449275358,2.7676388888888894,4955,0.8290615539858729
Esports,1h,1.0,all,7908,20,0.05110015174506829,-0.05011633788568539,-0.029943799854967364,0.008739495798319334,5.1154166666666665,7908,1.0
Esports,1h,1.0,<=1h,524,20,0.09217557251908398,-0.06835877862595419,-0.04849137931034483,0.03362500000000006,0.45833333333333326,7908,0.06626201315123925
Esports,1h,1.0,<=6h,4499,20,0.05781951544787731,-0.056677039342076005,-0.03503628447024674,0.017368421052631568,3.262777777777778,7908,0.5689175518462317
Esports,1h,1.0,<=24h,6866,20,0.05139236819108651,-0.05025924847072532,-0.030540658382385,0.008739495798319334,4.415,7908,0.8682346990389479
Media,30d,720.0,all,450,20,0.08791111111111112,-0.061822222222222216,-0.06172839506172839,0.015734265734265753,57.48222222222222,450,1.0
Media,30d,720.0,<=1h,17,13,0.22235294117647061,-0.07058823529411765,-0.07,0.07500000000000001,0.5669444444444025,450,0.03777777777777778
Media,30d,720.0,<=6h,75,19,0.18359999999999999,-0.11879999999999996,-0.09166666666666667,0.07384615384615388,2.777500000000032,450,0.16666666666666666
Media,30d,720.0,<=24h,141,20,0.17035460992907803,-0.13929078014184404,-0.08263157894736843,0.033870967741935494,5.5866666666667015,450,0.31333333333333335
Media,7d,168.0,all,1133,20,0.08644307149161518,-0.07535745807590467,-0.054000000000000006,0.004224806201550411,19.40166666666667,1133,1.0
Media,7d,168.0,<=1h,88,20,0.18693181818181823,-0.08784090909090908,-0.06,-0.06000000000000002,0.5884722222222223,1133,0.07766990291262135
Media,7d,168.0,<=6h,309,20,0.12333333333333334,-0.09433656957928803,-0.04615384615384616,-0.08277777777777778,2.274166666666673,1133,0.2727272727272727
Media,7d,168.0,<=24h,622,20,0.10737942122186499,-0.09914790996784568,-0.0536986301369863,-0.03915789473684214,6.062638888888898,1133,0.5489849955869374
Media,3d,72.0,all,4904,20,0.03898042414355628,-0.03724714518760195,-0.012649191299498048,-0.011810699588477334,10.187638888888891,4904,1.0
Media,3d,72.0,<=1h,693,20,0.06936507936507938,-0.055541125541125544,0.003523316062176162,-0.027636363636363653,0.37333333333333485,4904,0.14131321370309952
Media,3d,72.0,<=6h,1947,20,0.04691833590138677,-0.03167437082691322,-0.014419795221843008,-0.01558510638297876,1.6808333333333394,4904,0.39702283849918435
Media,3d,72.0,<=24h,3572,20,0.041206606942889155,-0.0385582306830907,-0.011956896551724137,-0.006967032967032915,4.748472222222226,4904,0.7283849918433931
Media,1d,24.0,all,6091,20,0.048991955343950094,-0.046854375307831236,-0.02351555929352397,0.0005854126679462839,3.08861111111111,6091,1.0
Media,1d,24.0,<=1h,1675,20,0.0617910447761194,-0.05629850746268657,-0.018921832884097038,-0.004177777777777771,0.3583333333333343,6091,0.274995895583648
Media,1d,24.0,<=6h,3624,20,0.05765728476821189,-0.054208057395143464,-0.024622178606476936,-0.005785440613026777,1.1465277777777771,6091,0.5949761943851585
Media,1d,24.0,<=24h,4992,20,0.05542467948717949,-0.052980769230769234,-0.023646274984857663,-0.005367741935483872,2.0891666666666655,6091,0.8195698571663109
Media,6h,6.0,all,6894,20,0.035699158688714816,-0.03334348709022338,-0.027236954662104365,0.003556461001164118,6.0304166666666665,6894,1.0
Media,6h,6.0,<=1h,1450,20,0.06820000000000001,-0.06184137931034482,-0.029398496240601504,0.00476658476658477,0.2641666666666671,6894,0.21032782129387873
Media,6h,6.0,<=6h,3431,20,0.04216554940250656,-0.03940250655785485,-0.022270389419544453,0.0017757936507936441,1.4330555555555557,6894,0.4976791412822744
Media,6h,6.0,<=24h,5792,20,0.03719613259668508,-0.035386740331491716,-0.027378459237097984,0.0018821165438713877,4.319999999999999,6894,0.8401508558166522
Media,1h,1.0,all,7025,20,0.028310320284697512,-0.02332526690391458,-0.023235867446393763,0.007787907869481791,6.110833333333333,7025,1.0
Media,1h,1.0,<=1h,1726,20,0.02933371958285054,-0.020469293163383525,-0.011375796178343951,0.0024804992199688567,0.3194444444444444,7025,0.24569395017793594
Media,1h,1.0,<=6h,3493,20,0.027071285427998876,-0.019896936730604046,-0.01458505002942908,0.007161538461538517,1.0227777777777778,7025,0.49722419928825623
Media,1h,1.0,<=24h,5832,20,0.027973251028806583,-0.022945816186556927,-0.02149591451917033,0.007265415549597859,3.269305555555556,7025,0.8301779359430606
Politics,30d,720.0,all,1926,20,0.026947040498442373,0.0015264797507787981,-0.013056731583403893,0.020695652173912928,58.660555555555504,1926,1.0
Politics,30d,720.0,<=1h,190,20,0.059947368421052624,-0.011631578947368418,-0.02018867924528302,0.05177777777777776,0.31263888888889824,1926,0.09865005192107996
Politics,30d,720.0,<=6h,382,20,0.062408376963350776,0.019057591623036645,0.00045112781954887257,0.05975903614457828,1.0062500000000227,1926,0.19833852544132918
Politics,30d,720.0,<=24h,701,20,0.0475320970042796,-0.003223965763195439,-0.00940766550522648,0.003443708609271503,4.3794444444444025,1926,0.3639667705088266
Politics,7d,168.0,all,2947,20,0.02549032914828639,-0.011211401425178165,-0.010615779345734445,0.0037647058823528827,24.649166666666673,2947,1.0
Politics,7d,168.0,<=1h,480,20,0.07458333333333332,0.00983333333333333,-0.02569343065693431,-0.0003703703703703625,0.24416666666665776,2947,0.16287750254496097
Politics,7d,168.0,<=6h,936,20,0.061399572649572666,-0.013386752136752134,-0.012037037037037035,-0.0015294117647058315,0.9568055555555475,2947,0.31761112996267393
Politics,7d,168.0,<=24h,1462,20,0.044965800273597804,-0.014705882352941171,0.0005660377358490546,0.004843749999999984,2.7762500000000045,2947,0.496097726501527
Politics,3d,72.0,all,3763,20,0.01983258038798831,-0.002234918947648152,-0.011832797427652735,0.00257853403141361,18.069722222222225,3763,1.0
Politics,3d,72.0,<=1h,664,20,0.0683433734939759,0.028734939759036154,-0.008842105263157892,0.01768595041322313,0.3116666666666674,3763,0.17645495615200638
Politics,3d,72.0,<=6h,1301,20,0.0369792467332821,0.006341275941583391,-0.013882978723404252,-0.00020242914979756518,0.9486111111111057,3763,0.3457347860749402
Politics,3d,72.0,<=24h,2043,20,0.025242290748898673,0.002559960841899173,-0.007915407854984891,-0.003185185185185159,2.748333333333335,3763,0.5429178846664895
Politics,1d,24.0,all,4763,20,0.025591014066764655,-0.01612219189586394,-0.010902903811252265,0.011545893719806813,6.702777777777779,4763,1.0
Politics,1d,24.0,<=1h,1407,20,0.05159914712153517,-0.034626865671641804,-0.01209677419354839,0.013984674329501866,0.24166666666666714,4763,0.29540205752676885
Politics,1d,24.0,<=6h,2343,20,0.03404182671788305,-0.019453691848058046,-0.011892307692307695,0.013148148148148152,0.6558333333333337,4763,0.49191685912240185
Politics,1d,24.0,<=24h,3015,20,0.032696517412935326,-0.017970149253731332,-0.00672216441207076,0.01308980213089804,1.1774999999999984,4763,0.6330044089859332
Politics,6h,6.0,all,6506,20,0.01885644020903781,-0.010338149400553337,-0.012958825406958188,0.010304678998911838,3.8881944444444443,6506,1.0
Politics,6h,6.0,<=1h,2106,20,0.026766381766381773,-0.015009496676163353,-0.012256637168141592,0.002522202486678495,0.18180555555555555,6506,0.3237011988933292
Politics,6h,6.0,<=6h,3736,20,0.019935760171306206,-0.010262312633832982,-0.011413043478260868,0.007033976124885212,0.6902777777777782,6506,0.574239163848755
Politics,6h,6.0,<=24h,4872,20,0.0194027093596059,-0.009735221674876851,-0.011682340647857888,0.008722109533468551,1.4658333333333333,6506,0.7488472179526591
Politics,1h,1.0,all,6990,20,0.01728755364806868,-0.008217453505007145,-0.013202119606358817,0.01087672281776419,2.750277777777778,6990,1.0
Politics,1h,1.0,<=1h,2627,20,0.02062809288161402,-0.007129805862200222,-0.010859845227858985,0.009461077844311395,0.18500000000000005,6990,0.3758226037195994
Politics,1h,1.0,<=6h,4055,20,0.018747225647348945,-0.006564734895191127,-0.012613756613756614,0.010070613796849525,0.5155555555555555,6990,0.5801144492131617
Politics,1h,1.0,<=24h,5346,20,0.017568275346053142,-0.007463524130190778,-0.012528524107471475,0.00965044247787615,1.042638888888889,6990,0.7648068669527897
Science/Tech,30d,720.0,all,187,20,0.07636363636363636,-0.013689839572192516,0.011489361702127658,0.0011764705882353016,22.59027777777783,187,1.0
Science/Tech,30d,720.0,<=1h,16,10,0.249375,-0.024375000000000015,0.11199999999999999,,0.5934722222222604,187,0.0855614973262032
Science/Tech,30d,720.0,<=6h,46,19,0.19130434782608696,-0.05086956521739132,-0.008333333333333331,0.09333333333333334,1.5081944444444844,187,0.24598930481283424
Science/Tech,30d,720.0,<=24h,95,20,0.14157894736842103,-0.01673684210526316,0.04948717948717948,-0.04249999999999998,6.621388888888873,187,0.5080213903743316
Science/Tech,7d,168.0,all,309,20,0.046569579288025895,-0.0018446601941747576,-0.011569767441860465,0.04981818181818182,27.373333333333335,309,1.0
Science/Tech,7d,168.0,<=1h,41,17,0.16048780487804878,-0.10390243902439024,-0.032857142857142856,0.06714285714285717,0.2997222222222149,309,0.13268608414239483
Science/Tech,7d,168.0,<=6h,78,19,0.10846153846153843,-0.031282051282051276,0.014761904761904764,0.04933333333333333,0.8433333333333337,309,0.2524271844660194
Science/Tech,7d,168.0,<=24h,147,20,0.06673469387755103,-0.01693877551020407,0.001016949152542373,0.04966666666666673,4.1299999999999955,309,0.47572815533980584
Science/Tech,3d,72.0,all,377,20,0.053607427055702914,-0.03175066312997349,-0.015312500000000001,-0.001428571428571488,23.023333333333326,377,1.0
Science/Tech,3d,72.0,<=1h,39,14,0.12923076923076923,-0.0046153846153846306,-0.04000000000000001,0.05142857142857144,0.3247222222222206,377,0.10344827586206896
Science/Tech,3d,72.0,<=6h,79,19,0.14822784810126582,-0.006708860759493674,-0.027931034482758618,-0.010624999999999996,1.0041666666666629,377,0.20954907161803712
Science/Tech,3d,72.0,<=24h,196,20,0.0870408163265306,-0.046224489795918366,-0.016410256410256414,0.016382978723404256,8.231944444444444,377,0.519893899204244
Science/Tech,1d,24.0,all,413,20,0.04801452784503633,-0.016828087167070224,-0.002676056338028165,0.023490566037735826,18.340000000000003,413,1.0
Science/Tech,1d,24.0,<=1h,65,17,0.1598461538461538,-0.06538461538461537,-0.03333333333333333,0.06785714285714287,0.17833333333333456,413,0.15738498789346247
Science/Tech,1d,24.0,<=6h,114,17,0.11008771929824562,-0.042543859649122794,-0.025813953488372097,0.0503703703703704,0.7761111111111116,413,0.27602905569007263
Science/Tech,1d,24.0,<=24h,233,20,0.09433476394849788,-0.03854077253218887,0.0021978021978021974,0.028032786885245808,6.593888888888888,413,0.5641646489104116
Science/Tech,6h,6.0,all,425,20,0.04324705882352941,-0.007388235294117651,-0.011428571428571427,0.018050847457627108,15.251666666666665,425,1.0
Science/Tech,6h,6.0,<=1h,40,14,0.1505,-0.02300000000000001,-0.03,-0.024999999999999984,0.27236111111111105,425,0.09411764705882353
Science/Tech,6h,6.0,<=6h,146,18,0.07308219178082195,-0.004178082191780815,-0.021666666666666667,0.015714285714285743,2.080694444444444,425,0.34352941176470586
Science/Tech,6h,6.0,<=24h,247,20,0.06963562753036437,-0.01425101214574899,-0.023177570093457944,0.02584415584415584,4.3341666666666665,425,0.5811764705882353
Science/Tech,1h,1.0,all,426,20,0.04058685446009387,-0.010258215962441338,-0.006410256410256408,0.023543307086614097,16.825555555555553,426,1.0
Science/Tech,1h,1.0,<=1h,55,10,0.0701818181818182,0.008727272727272747,-0.016363636363636365,0.020454545454545513,0.306111111111111,426,0.12910798122065728
Science/Tech,1h,1.0,<=6h,112,18,0.06303571428571429,-0.004285714285714282,0.00043478260869565376,0.028536585365853677,1.0734722222222224,426,0.26291079812206575
Science/Tech,1h,1.0,<=24h,243,20,0.06226337448559671,-0.01946502057613168,-0.012616822429906542,0.032976190476190506,6.523333333333333,426,0.5704225352112676
World Events,30d,720.0,all,114,16,0.20771929824561403,0.18456140350877193,0.13999999999999999,0.14,21.803888888888878,114,1.0
World Events,30d,720.0,<=1h,7,6,0.4842857142857143,0.2414285714285715,,,0.3672222222222672,114,0.06140350877192982
World Events,30d,720.0,<=6h,24,10,0.2804166666666667,0.19874999999999998,-0.11000000000000001,,1.436527777777826,114,0.21052631578947367
World Events,30d,720.0,<=24h,60,14,0.21333333333333332,0.165,0.04769230769230769,0.14,7.854722222222222,114,0.5263157894736842
World Events,7d,168.0,all,196,17,0.13729591836734695,0.12811224489795917,0.08374100719424461,0.05199999999999998,18.27000000000001,196,1.0
World Events,7d,168.0,<=1h,22,12,0.2227272727272727,0.05727272727272726,0.04818181818181817,0.020000000000000018,0.43916666666667936,196,0.11224489795918367
World Events,7d,168.0,<=6h,52,15,0.1844230769230769,0.12365384615384614,0.008095238095238091,0.030000000000000006,1.2365277777777806,196,0.2653061224489796
World Events,7d,168.0,<=24h,120,17,0.10241666666666666,0.08524999999999999,0.0031884057971014517,0.05199999999999998,8.63166666666666,196,0.6122448979591837
World Events,3d,72.0,all,220,17,0.09709090909090909,0.08481818181818182,0.03205479452054794,0.056451612903225784,15.333194444444445,220,1.0
World Events,3d,72.0,<=1h,37,16,0.242972972972973,0.08243243243243242,0.01058823529411765,0.05000000000000001,0.3083333333333371,220,0.16818181818181818
World Events,3d,72.0,<=6h,85,17,0.15976470588235295,0.1143529411764706,0.04422222222222222,0.04999999999999999,1.2677777777777806,220,0.38636363636363635
World Events,3d,72.0,<=24h,134,17,0.13380597014925372,0.10947761194029852,0.04769230769230769,0.044782608695652204,3.4665277777777774,220,0.6090909090909091
World Events,1d,24.0,all,229,17,0.04921397379912662,0.022227074235807887,-0.007702702702702705,0.026274509803921684,2.691944444444445,229,1.0
World Events,1d,24.0,<=1h,77,15,0.10896103896103897,0.05389610389610388,0.0007317073170731687,0.04714285714285708,0.29666666666666686,229,0.33624454148471616
World Events,1d,24.0,<=6h,137,17,0.07605839416058394,0.040437956204379566,-0.0024324324324324345,0.01529411764705884,0.6666666666666679,229,0.5982532751091703
World Events,1d,24.0,<=24h,177,17,0.06062146892655369,0.029322033898305074,-0.0103921568627451,0.02282608695652169,1.5775000000000006,229,0.7729257641921398
World Events,6h,6.0,all,235,20,0.05378723404255317,0.025787234042553182,-0.008866666666666665,0.04321428571428566,5.714722222222223,235,1.0
World Events,6h,6.0,<=1h,57,16,0.14929824561403512,0.08754385964912281,-0.035,0.04636363636363639,0.174722222222222,235,0.2425531914893617
World Events,6h,6.0,<=6h,122,19,0.10614754098360657,0.05729508196721312,-0.0025,0.04205128205128208,1.2338888888888886,235,0.5191489361702127
World Events,6h,6.0,<=24h,190,19,0.0638421052631579,0.03731578947368421,-0.003577981651376149,0.04150943396226419,4.523888888888889,235,0.8085106382978723
World Events,1h,1.0,all,236,17,0.03271186440677967,0.008050847457627136,-0.004342105263157895,0.030322580645161353,2.048611111111111,236,1.0
World Events,1h,1.0,<=1h,91,16,0.07362637362637361,0.035384615384615375,0.019565217391304346,0.028518518518518478,0.11638888888888888,236,0.3855932203389831
World Events,1h,1.0,<=6h,151,17,0.04635761589403974,0.021192052980132457,0.00975308641975309,0.028979591836734712,0.5900000000000001,236,0.6398305084745762
World Events,1h,1.0,<=24h,192,17,0.040104166666666656,0.015520833333333326,0.0020720720720720735,0.029333333333333315,1.0795833333333333,236,0.8135593220338984
