platform,horizon_label,horizon_hours,price_bucket_5c_floor,price_bucket_5c_mid,price_bucket_5c_label,market_count,wins,empirical_win_rate,avg_implied_probability,calibration_gap,empirical_win_rate_ci_low,empirical_win_rate_ci_high
kalshi,30d,720.0,0,2.5,0-5,3341,34,0.010176593834181383,0.017671355881472613,-0.00749476204729123,0.007291626592547085,0.014186699914752991
kalshi,30d,720.0,5,7.5,5-10,1116,44,0.03942652329749104,0.06668458781362008,-0.02725806451612904,0.02949930068678783,0.05251372686996662
kalshi,30d,720.0,10,12.5,10-15,692,70,0.10115606936416185,0.11721098265895953,-0.016054913294797676,0.08084536948119185,0.12587064174895024
kalshi,30d,720.0,15,17.5,15-20,493,71,0.1440162271805274,0.1681135902636917,-0.02409736308316429,0.11577277527116282,0.1777646418855326
kalshi,30d,720.0,20,22.5,20-25,414,95,0.22946859903381642,0.21838164251207728,0.011086956521739133,0.19156044825042076,0.2723512350286017
kalshi,30d,720.0,25,27.5,25-30,333,75,0.22522522522522523,0.2681681681681682,-0.04294294294294296,0.18363829246131846,0.27307964261558415
kalshi,30d,720.0,30,32.5,30-35,271,89,0.3284132841328413,0.3176752767527675,0.0107380073800738,0.2752364392135897,0.3863868376120438
kalshi,30d,720.0,35,37.5,35-40,251,85,0.3386454183266932,0.36697211155378484,-0.028326693227091637,0.2829222398191948,0.39923326383483976
kalshi,30d,720.0,40,42.5,40-45,239,94,0.39330543933054396,0.41995815899581584,-0.026652719665271885,0.333531040943267,0.456455518196518
kalshi,30d,720.0,45,47.5,45-50,223,90,0.40358744394618834,0.47049327354260095,-0.06690582959641261,0.34135285623361467,0.46908755681231695
kalshi,30d,720.0,50,52.5,50-55,231,114,0.4935064935064935,0.5191341991341991,-0.02562770562770561,0.42966831373069053,0.5575571182200372
kalshi,30d,720.0,55,57.5,55-60,213,122,0.5727699530516432,0.5688262910798122,0.003943661971831047,0.5056257099363471,0.6373357882263672
kalshi,30d,720.0,60,62.5,60-65,236,148,0.6271186440677966,0.6193220338983051,0.0077966101694915135,0.5638483301919794,0.686316778779942
kalshi,30d,720.0,65,67.5,65-70,260,174,0.6692307692307692,0.6716153846153845,-0.0023846153846153184,0.609941182106003,0.7235922712993734
kalshi,30d,720.0,70,72.5,70-75,241,167,0.6929460580912863,0.7184232365145228,-0.02547717842323649,0.6320603851435386,0.7477770281064974
kalshi,30d,720.0,75,77.5,75-80,291,227,0.7800687285223368,0.7705841924398625,0.009484536082474238,0.7289996323729154,0.8238395870588066
kalshi,30d,720.0,80,82.5,80-85,311,261,0.8392282958199357,0.8205144694533761,0.018713826366559605,0.7943038990990664,0.8758743746741581
kalshi,30d,720.0,85,87.5,85-90,404,358,0.8861386138613861,0.8696782178217822,0.01646039603960392,0.8514593377921831,0.9135435456802239
kalshi,30d,720.0,90,92.5,90-95,473,463,0.9788583509513742,0.9213107822410148,0.057547568710359376,0.9615243596186335,0.9884766470049496
kalshi,30d,720.0,95,97.5,95-100,1056,1024,0.9696969696969697,0.9752367424242425,-0.005539772727272796,0.9575345753609058,0.9784543497765864
kalshi,7d,168.0,0,2.5,0-5,7187,66,0.009183247530262974,0.01679977737581745,-0.007616529845554474,0.00722516292961117,0.011665755207147677
kalshi,7d,168.0,5,7.5,5-10,2076,82,0.0394990366088632,0.06723025048169556,-0.027731213872832366,0.031935398573947546,0.04876382390530279
kalshi,7d,168.0,10,12.5,10-15,1183,111,0.09382924767540152,0.11814032121724428,-0.024311073541842768,0.07850241849236188,0.11178548513353055
kalshi,7d,168.0,15,17.5,15-20,889,138,0.15523059617547807,0.1688076490438695,-0.01357705286839142,0.13291430285938322,0.18051374529607905
kalshi,7d,168.0,20,22.5,20-25,849,157,0.18492343934040048,0.21756183745583038,-0.0326383981154299,0.16024750981891547,0.21243787513416382
kalshi,7d,168.0,25,27.5,25-30,709,188,0.2651622002820874,0.26819464033850493,-0.003032440056417507,0.23399813775315742,0.29885740827558155
kalshi,7d,168.0,30,32.5,30-35,575,162,0.2817391304347826,0.3180695652173913,-0.03633043478260872,0.24651183869323845,0.31986348747544047
kalshi,7d,168.0,35,37.5,35-40,520,168,0.3230769230769231,0.36817307692307694,-0.04509615384615384,0.28430557474580676,0.36444320732877455
kalshi,7d,168.0,40,42.5,40-45,483,197,0.4078674948240166,0.41927536231884055,-0.011407867494823976,0.3649337242713367,0.45225527518967884
kalshi,7d,168.0,45,47.5,45-50,543,233,0.429097605893186,0.46928176795580107,-0.04018416206261505,0.3881083612159431,0.47108303899940257
kalshi,7d,168.0,50,52.5,50-55,524,267,0.5095419847328244,0.5194274809160305,-0.00988549618320611,0.4668248259019954,0.5521202515606374
kalshi,7d,168.0,55,57.5,55-60,486,266,0.5473251028806584,0.5686008230452675,-0.021275720164609102,0.5028721335579385,0.5910357746311576
kalshi,7d,168.0,60,62.5,60-65,485,295,0.6082474226804123,0.6198969072164948,-0.0116494845360825,0.564115285889239,0.6506782177732969
kalshi,7d,168.0,65,67.5,65-70,539,337,0.6252319109461967,0.6701855287569574,-0.04495361781076068,0.5836147464193419,0.6650765845324497
kalshi,7d,168.0,70,72.5,70-75,515,347,0.6737864077669903,0.7193009708737864,-0.045514563106796135,0.6321377576934317,0.7128615638721483
kalshi,7d,168.0,75,77.5,75-80,524,410,0.7824427480916031,0.7693511450381679,0.013091603053435152,0.745129225916404,0.815645066977525
kalshi,7d,168.0,80,82.5,80-85,605,488,0.8066115702479338,0.8192892561983471,-0.012677685950413298,0.7732446910186154,0.8361092033276315
kalshi,7d,168.0,85,87.5,85-90,674,592,0.8783382789317508,0.8700148367952523,0.008323442136498493,0.8514915166529878,0.9008966519102873
kalshi,7d,168.0,90,92.5,90-95,1021,961,0.941234084231146,0.9201273261508325,0.02110675808031348,0.925086217005126,0.9540740356622129
kalshi,7d,168.0,95,97.5,95-100,2578,2536,0.9837083010085338,0.9775368502715283,0.006171450737005535,0.9780525878113938,0.9879245658606207
kalshi,3d,72.0,0,2.5,0-5,20529,277,0.01349310731160797,0.015725558965366065,-0.002232451653758096,0.012003396480098134,0.015164864536438418
kalshi,3d,72.0,5,7.5,5-10,6367,395,0.06203863672059055,0.06793623370504162,-0.005897596984451074,0.05637330300593989,0.06823214943538278
kalshi,3d,72.0,10,12.5,10-15,3909,426,0.10897927858787414,0.11822205167562036,-0.009242773087746223,0.09959167991512807,0.11913467997636354
kalshi,3d,72.0,15,17.5,15-20,2729,403,0.1476731403444485,0.16884206669109564,-0.021168926346647132,0.13485763140399348,0.16147919250852305
kalshi,3d,72.0,20,22.5,20-25,2350,468,0.19914893617021276,0.21908510638297873,-0.019936170212765975,0.1834988332256619,0.21578105034849193
kalshi,3d,72.0,25,27.5,25-30,2106,536,0.25451092117758783,0.26883190883190883,-0.014320987654320994,0.2363657178066664,0.2735500976744579
kalshi,3d,72.0,30,32.5,30-35,1719,507,0.2949389179755672,0.31810936591041306,-0.02317044793484585,0.2738579000165903,0.3169344281928051
kalshi,3d,72.0,35,37.5,35-40,1496,524,0.3502673796791444,0.36903074866310165,-0.01876336898395725,0.32650433133352064,0.3747974594689215
kalshi,3d,72.0,40,42.5,40-45,1375,591,0.4298181818181818,0.41928727272727273,0.01053090909090909,0.4038824700710916,0.45614496165130486
kalshi,3d,72.0,45,47.5,45-50,1690,758,0.4485207100591716,0.4701065088757397,-0.02158579881656808,0.4249520596592451,0.4723228685276645
kalshi,3d,72.0,50,52.5,50-55,1526,757,0.49606815203145477,0.5175950196592398,-0.02152686762778505,0.4710233114272684,0.5211327392383691
kalshi,3d,72.0,55,57.5,55-60,1224,655,0.5351307189542484,0.5683496732026144,-0.03321895424836607,0.5071221252666899,0.5629194827061953
kalshi,3d,72.0,60,62.5,60-65,1060,638,0.6018867924528302,0.6183962264150944,-0.01650943396226423,0.5721009329592154,0.6309368125096589
kalshi,3d,72.0,65,67.5,65-70,1000,635,0.635,0.6701900000000001,-0.035190000000000055,0.6046966883157053,0.6642700490659693
kalshi,3d,72.0,70,72.5,70-75,889,624,0.7019122609673791,0.7195275590551181,-0.017615298087738984,0.6710267055881697,0.7310602939423182
kalshi,3d,72.0,75,77.5,75-80,860,660,0.7674418604651163,0.770093023255814,-0.0026511627906976587,0.7380547841306135,0.7944502491995711
kalshi,3d,72.0,80,82.5,80-85,895,729,0.8145251396648044,0.8188826815642458,-0.004357541899441375,0.7877350748820169,0.8386266778450486
kalshi,3d,72.0,85,87.5,85-90,936,811,0.8664529914529915,0.8697649572649573,-0.0033119658119658,0.8431556443611785,0.8867545873204155
kalshi,3d,72.0,90,92.5,90-95,1423,1337,0.9395643007730148,0.9198735066760365,0.01969079409697827,0.9259597702479485,0.9508018829026186
kalshi,3d,72.0,95,97.5,95-100,4246,4160,0.9797456429580782,0.9782618935468677,0.0014837494112105443,0.9750545242499735,0.9835694395231704
kalshi,1d,24.0,0,2.5,0-5,55431,691,0.012465948656888744,0.015674802908120004,-0.0032088542512312603,0.011575475384284729,0.013423993541770611
kalshi,1d,24.0,5,7.5,5-10,19505,1096,0.056190720328120995,0.06777441681620097,-0.011583696488079977,0.05304535310967562,0.05951087370391439
kalshi,1d,24.0,10,12.5,10-15,11242,1138,0.10122753958370397,0.11861946272905177,-0.017391923145347807,0.0957872325408977,0.1069402894259776
kalshi,1d,24.0,15,17.5,15-20,8582,1250,0.1456536937776742,0.16879748310417153,-0.023143789326497327,0.1383487776536213,0.15327570328252826
kalshi,1d,24.0,20,22.5,20-25,7078,1386,0.19581802769143825,0.2193896580955072,-0.023571630404068955,0.18673912437704557,0.2052269427544192
kalshi,1d,24.0,25,27.5,25-30,6712,1612,0.2401668653158522,0.2690747914183552,-0.028907926102503007,0.23009745855141767,0.25053353191149025
kalshi,1d,24.0,30,32.5,30-35,6048,1811,0.2994378306878307,0.319307208994709,-0.019869378306878294,0.288024889084925,0.3111053987930658
kalshi,1d,24.0,35,37.5,35-40,5554,1953,0.3516384587684552,0.369458048253511,-0.017819589485055798,0.33918723337588735,0.36429478021730327
kalshi,1d,24.0,40,42.5,40-45,5072,2099,0.41384069400630913,0.4195623028391167,-0.00572160883280759,0.40035614604624603,0.42745565958614395
kalshi,1d,24.0,45,47.5,45-50,4971,2236,0.4498088915711125,0.46943673305169986,-0.019627841480587382,0.4360234830633445,0.46367181577792926
kalshi,1d,24.0,50,52.5,50-55,4194,2062,0.491654744873629,0.5178040057224607,-0.02614926084883168,0.47653887157990693,0.5067858922701631
kalshi,1d,24.0,55,57.5,55-60,3095,1653,0.5340872374798061,0.5685848142164782,-0.034497576736672086,0.5164812785787034,0.5516086812307943
kalshi,1d,24.0,60,62.5,60-65,2443,1460,0.5976258698321736,0.618501841997544,-0.020875972165370404,0.5780415401302328,0.6169036496196882
kalshi,1d,24.0,65,67.5,65-70,2164,1391,0.6427911275415896,0.6694223659889095,-0.02663123844731985,0.6223649950647699,0.66271118393281
kalshi,1d,24.0,70,72.5,70-75,1710,1136,0.664327485380117,0.7187602339181286,-0.05443274853801161,0.6415987894792737,0.6863194965513607
kalshi,1d,24.0,75,77.5,75-80,1658,1238,0.7466827503015682,0.7692460796139927,-0.02256332931242455,0.7251943623124313,0.7670306487836924
kalshi,1d,24.0,80,82.5,80-85,1557,1247,0.8008991650610148,0.8189531149646757,-0.018053949903660937,0.7803339386808748,0.8199832235475026
kalshi,1d,24.0,85,87.5,85-90,1559,1340,0.8595253367543297,0.8702950609364977,-0.010769724182167928,0.8413912547488491,0.8758919299321832
kalshi,1d,24.0,90,92.5,90-95,2038,1887,0.9259077526987243,0.9203974484789009,0.005510304219823348,0.9137172419691041,0.9364956246900923
kalshi,1d,24.0,95,97.5,95-100,6564,6386,0.9728823887873248,0.9789366240097501,-0.006054235222425319,0.9686678056625,0.9765437840932578
kalshi,6h,6.0,0,2.5,0-5,135390,1355,0.010008124676859444,0.015470492650860477,-0.0054623679740010336,0.009491634166277753,0.010552420776912515
kalshi,6h,6.0,5,7.5,5-10,42532,2169,0.05099689645443431,0.06815997366688611,-0.017163077212451805,0.048946390646113114,0.05312850517539097
kalshi,6h,6.0,10,12.5,10-15,21564,2085,0.09668892598775737,0.11883045817102579,-0.02214153218326842,0.09281590084282897,0.10070562427816411
kalshi,6h,6.0,15,17.5,15-20,16060,2283,0.1421544209215442,0.1685398505603985,-0.02638542963885429,0.13683904226800347,0.14764095409849454
kalshi,6h,6.0,20,22.5,20-25,13017,2590,0.1989705769378505,0.2190251209956211,-0.0200545440577706,0.19220148344902183,0.20591729867332575
kalshi,6h,6.0,25,27.5,25-30,11292,2792,0.24725469358838115,0.2693030464045342,-0.022048352816153027,0.23938421649280803,0.2552970828625229
kalshi,6h,6.0,30,32.5,30-35,9043,2662,0.29437133694570383,0.3184341479597479,-0.02406281101404406,0.28506656461946234,0.3038507432728301
kalshi,6h,6.0,35,37.5,35-40,8180,2807,0.3431540342298289,0.36909535452322734,-0.025941320293398462,0.3329412241298011,0.35351409533777023
kalshi,6h,6.0,40,42.5,40-45,7909,3158,0.39929194588443545,0.42011379441143,-0.020821848526994535,0.38854959995979754,0.41013207717626443
kalshi,6h,6.0,45,47.5,45-50,8034,3602,0.4483445357231765,0.46973487677371173,-0.021390341050535222,0.4374967750765258,0.45924167271771793
kalshi,6h,6.0,50,52.5,50-55,7058,3498,0.49560782091243977,0.5185633323887786,-0.02295551147633884,0.4839488196402431,0.5072716008234501
kalshi,6h,6.0,55,57.5,55-60,5736,3121,0.5441073919107392,0.5689452580195258,-0.024837866108786577,0.5311929775475661,0.5569627652868703
kalshi,6h,6.0,60,62.5,60-65,4616,2730,0.591421143847487,0.6186178509532063,-0.02719670710571931,0.577169729082057,0.6055205172675149
kalshi,6h,6.0,65,67.5,65-70,3881,2532,0.6524091728935841,0.6694022159237311,-0.016993043030146926,0.6372828133078797,0.6672341070216391
kalshi,6h,6.0,70,72.5,70-75,3474,2455,0.7066781807714451,0.7187564766839378,-0.012078295912492765,0.6913165861623111,0.721583184776078
kalshi,6h,6.0,75,77.5,75-80,2970,2257,0.7599326599326599,0.7690808080808081,-0.009148148148148239,0.7442416925687675,0.7749520667760476
kalshi,6h,6.0,80,82.5,80-85,2999,2449,0.8166055351783928,0.8192497499166389,-0.0026442147382460535,0.8023528795463856,0.8300481102360925
kalshi,6h,6.0,85,87.5,85-90,2913,2538,0.8712667353244078,0.8698764160659114,0.0013903192584964197,0.8586138912754369,0.8829416323429866
kalshi,6h,6.0,90,92.5,90-95,3794,3542,0.933579335793358,0.9205297838692672,0.013049551924090741,0.9252088146627971,0.9410727069256756
kalshi,6h,6.0,95,97.5,95-100,16959,16585,0.9779468129017042,0.9817913792086798,-0.0038445663069756053,0.975625882832163,0.9800512603181922
kalshi,1h,1.0,0,2.5,0-5,196532,1771,0.009011255164553355,0.015643152260191723,-0.006631897095638368,0.00860294809696357,0.009438756515962361
kalshi,1h,1.0,5,7.5,5-10,60564,2486,0.041047486955947426,0.06794432336041212,-0.02689683640446469,0.03949625660036126,0.04265693672063039
kalshi,1h,1.0,10,12.5,10-15,27299,2180,0.07985640499652003,0.11855122898274661,-0.03869482398622659,0.07669957853906567,0.08313146263724913
kalshi,1h,1.0,15,17.5,15-20,18871,2230,0.11817073816967834,0.16819034497376928,-0.05001960680409094,0.11364245691070934,0.12285444698913581
kalshi,1h,1.0,20,22.5,20-25,14095,2336,0.16573252926569707,0.21852004256828664,-0.05278751330258957,0.15968501821519288,0.1719622002343002
kalshi,1h,1.0,25,27.5,25-30,11082,2413,0.21774048005775132,0.2688512903807977,-0.051110810323046374,0.21015491850340837,0.2255216655820074
kalshi,1h,1.0,30,32.5,30-35,9012,2339,0.2595428317798491,0.31802041722148244,-0.05847758544163334,0.25059556677603595,0.26869501170972626
kalshi,1h,1.0,35,37.5,35-40,7796,2365,0.30336069779374036,0.36878783991790665,-0.06542714212416628,0.2932548172103887,0.31366027706537203
kalshi,1h,1.0,40,42.5,40-45,6739,2400,0.3561359252114557,0.419232823861107,-0.06309689864965129,0.3447877700015782,0.36764800781648604
kalshi,1h,1.0,45,47.5,45-50,6477,2691,0.41547012505789715,0.46908599660336575,-0.053615871545468596,0.4035219948796376,0.4275184675195669
kalshi,1h,1.0,50,52.5,50-55,5523,2642,0.4783632084012312,0.5174379866014847,-0.03907477820025346,0.46520839742138875,0.4915480980063073
kalshi,1h,1.0,55,57.5,55-60,3892,2062,0.5298047276464543,0.5683144912641316,-0.03850976361767733,0.5141022982015944,0.5454483775753673
kalshi,1h,1.0,60,62.5,60-65,3286,1992,0.6062081558125381,0.618965307364577,-0.012757151552038937,0.5893876593585043,0.6227806103843307
kalshi,1h,1.0,65,67.5,65-70,3160,2073,0.6560126582278482,0.6699145569620254,-0.013901898734177243,0.6392691661222738,0.6723772829287786
kalshi,1h,1.0,70,72.5,70-75,2748,1983,0.7216157205240175,0.7198544395924309,0.0017612809315865618,0.704557152908167,0.7380555323568568
kalshi,1h,1.0,75,77.5,75-80,2914,2268,0.7783115991763898,0.7696739876458476,0.00863761153054221,0.7628686344914342,0.7930217195291542
kalshi,1h,1.0,80,82.5,80-85,3119,2609,0.8364860532221866,0.8196184674575184,0.01686758576466818,0.8230940884542423,0.8490501535079503
kalshi,1h,1.0,85,87.5,85-90,3528,3104,0.8798185941043084,0.8707908163265305,0.009027777777777857,0.8686731668339226,0.8901377605870581
kalshi,1h,1.0,90,92.5,90-95,5813,5432,0.9344572509891622,0.9221159470153105,0.012341303973851692,0.927803892945006,0.9405367543230921
kalshi,1h,1.0,95,97.5,95-100,36132,35522,0.98311745820879,0.9833529835049264,-0.00023552529613635187,0.981736767432789,0.9843954285861354
polymarket,30d,720.0,0,2.5,0-5,11544,68,0.00589050589050589,0.00830018779108375,-0.002409681900577859,0.0046495120701502335,0.0074602487703517685
polymarket,30d,720.0,5,7.5,5-10,1460,92,0.06301369863013699,0.06924388107754705,-0.006230182447410054,0.051659964081889324,0.07666102365339571
polymarket,30d,720.0,10,12.5,10-15,825,71,0.08606060606060606,0.11983108286123466,-0.0337704768006286,0.06878971537865788,0.10716863420225117
polymarket,30d,720.0,15,17.5,15-20,558,74,0.13261648745519714,0.17017828755067843,-0.037561800095481296,0.10697132996387773,0.1632856250212996
polymarket,30d,720.0,20,22.5,20-25,459,88,0.19172113289760348,0.2192431936430462,-0.027522060745442722,0.15832496386583994,0.23023475073198363
polymarket,30d,720.0,25,27.5,25-30,385,91,0.23636363636363636,0.27094742431320157,-0.03458378794956521,0.19665973366311518,0.2812767834173618
polymarket,30d,720.0,30,32.5,30-35,281,95,0.33807829181494664,0.32171498561601597,0.01636330619893067,0.28528153519744515,0.39524265789794544
polymarket,30d,720.0,35,37.5,35-40,239,70,0.2928870292887029,0.36958563492580127,-0.07669860563709835,0.23883112999926775,0.35349572009560887
polymarket,30d,720.0,40,42.5,40-45,205,79,0.3853658536585366,0.4221425335986264,-0.03677667994008982,0.32143346868424716,0.4535155836118471
polymarket,30d,720.0,45,47.5,45-50,175,69,0.3942857142857143,0.4708810568073036,-0.07659534252158928,0.3248960801469059,0.46821693159085537
polymarket,30d,720.0,50,52.5,50-55,201,91,0.4527363184079602,0.5223086366076167,-0.06957231819965654,0.3854509133849028,0.5217944898925565
polymarket,30d,720.0,55,57.5,55-60,191,110,0.5759162303664922,0.569542569632802,0.006373660733690167,0.5050094781073685,0.6438293735546997
polymarket,30d,720.0,60,62.5,60-65,165,108,0.6545454545454545,0.6213638864725485,0.033181568072906065,0.5792161492824026,0.7228421112410703
polymarket,30d,720.0,65,67.5,65-70,156,103,0.6602564102564102,0.6725706352142659,-0.012314224957855613,0.5828790340640086,0.7299306475207603
polymarket,30d,720.0,70,72.5,70-75,171,122,0.7134502923976608,0.7211256407508126,-0.007675348353151867,0.6415747826883528,0.775945990399974
polymarket,30d,720.0,75,77.5,75-80,169,124,0.7337278106508875,0.7717962519605603,-0.038068441309672796,0.6624320009002025,0.7946338906444255
polymarket,30d,720.0,80,82.5,80-85,180,147,0.8166666666666667,0.8200644259548647,-0.0033977592881980767,0.7537252847530411,0.8663737570307555
polymarket,30d,720.0,85,87.5,85-90,168,146,0.8690476190476191,0.8730536785632503,-0.004006059515631266,0.8096876487202882,0.9119071222781197
polymarket,30d,720.0,90,92.5,90-95,252,229,0.9087301587301587,0.9228013832338696,-0.0140712245037109,0.8667731625435521,0.9384125461136795
polymarket,30d,720.0,95,97.5,95-100,2068,2043,0.9879110251450677,0.992295179421862,-0.004384154276794283,0.9822143911210371,0.9917982940185991
polymarket,7d,168.0,0,2.5,0-5,25390,199,0.007837731390311147,0.006893033344775214,0.0009446980455359326,0.006825011582842622,0.00899936057516911
polymarket,7d,168.0,5,7.5,5-10,2819,208,0.07378503015253636,0.06855813496584737,0.005226895186688993,0.06470373464846688,0.08402639601136183
polymarket,7d,168.0,10,12.5,10-15,1913,211,0.11029796131730267,0.12043987520338366,-0.010141913886080989,0.09703333775060694,0.12512461207685927
polymarket,7d,168.0,15,17.5,15-20,1698,285,0.16784452296819788,0.1709621566148187,-0.003117633646620821,0.15082218674581002,0.18636642117163657
polymarket,7d,168.0,20,22.5,20-25,1769,356,0.20124364047484455,0.2198400995114509,-0.01859645903660634,0.1832164567714109,0.2205655844442284
polymarket,7d,168.0,25,27.5,25-30,2047,543,0.265266243282853,0.27059096177023273,-0.005324718487379754,0.24659372987509157,0.2848181548848042
polymarket,7d,168.0,30,32.5,30-35,1678,533,0.3176400476758045,0.322302067711276,-0.0046620200354715036,0.2958022840557793,0.34031089093049754
polymarket,7d,168.0,35,37.5,35-40,1676,599,0.3573985680190931,0.3722327721839496,-0.014834204164856535,0.33480475957350403,0.380644601842477
polymarket,7d,168.0,40,42.5,40-45,2096,887,0.4231870229007634,0.4217143942765366,0.0014726286242267572,0.4021947965069523,0.44446030357297744
polymarket,7d,168.0,45,47.5,45-50,1827,820,0.4488232074438971,0.4713778965947679,-0.022554689150870832,0.42614718553462344,0.47171399480997883
polymarket,7d,168.0,50,52.5,50-55,1903,913,0.4797687861271676,0.5195554539020805,-0.039786667774912854,0.4573855141390543,0.5022335753542733
polymarket,7d,168.0,55,57.5,55-60,1453,796,0.5478320715760495,0.5709676980655002,-0.023135626489450667,0.5221478277393278,0.5732640550624811
polymarket,7d,168.0,60,62.5,60-65,1287,787,0.6114996114996115,0.620640312885512,-0.009140701385900507,0.5845760147120617,0.6377595530291701
polymarket,7d,168.0,65,67.5,65-70,1030,673,0.6533980582524271,0.671056639015312,-0.017658580762884846,0.6238134060413313,0.6818427022058121
polymarket,7d,168.0,70,72.5,70-75,798,568,0.7117794486215538,0.7215587828246619,-0.009779334203108059,0.6793977243902101,0.7421319143813379
polymarket,7d,168.0,75,77.5,75-80,795,585,0.7358490566037735,0.7698407831153947,-0.03399172651162119,0.7041202644574276,0.7653094697977738
polymarket,7d,168.0,80,82.5,80-85,749,578,0.7716955941255007,0.8207678995360423,-0.04907230541054164,0.7402935053240722,0.8003248664555958
polymarket,7d,168.0,85,87.5,85-90,611,500,0.8183306055646481,0.8723551578363952,-0.05402455227174707,0.7857992813732738,0.8468839983527564
polymarket,7d,168.0,90,92.5,90-95,754,629,0.8342175066312998,0.9222221736051788,-0.08800466697387899,0.8059917360253176,0.8590548911326531
polymarket,7d,168.0,95,97.5,95-100,6994,6878,0.983414355161567,0.9942352350198252,-0.010820879858258192,0.9801449077522728,0.9861530433188117
polymarket,3d,72.0,0,2.5,0-5,44405,281,0.006328116203130278,0.006823946897065582,-0.0004958306939353042,0.005632055441217847,0.007109587430187291
polymarket,3d,72.0,5,7.5,5-10,5169,366,0.07080673244341265,0.06894235110274907,0.001864381340663579,0.06412813442887152,0.07812280942372973
polymarket,3d,72.0,10,12.5,10-15,3643,368,0.10101564644523744,0.12017491665396497,-0.019159270208727527,0.09164625564182245,0.11122562121732056
polymarket,3d,72.0,15,17.5,15-20,3225,542,0.16806201550387598,0.17067247168070895,-0.002610456176832976,0.15555318196073892,0.18136071310305113
polymarket,3d,72.0,20,22.5,20-25,3247,684,0.210655990144749,0.22016760299245827,-0.009511612847709267,0.19697599809274935,0.22501983215625454
polymarket,3d,72.0,25,27.5,25-30,3560,913,0.2564606741573034,0.27065537195237976,-0.014194697795076372,0.24238375977806098,0.27106262908501316
polymarket,3d,72.0,30,32.5,30-35,2437,739,0.30324169060320066,0.32199324049264844,-0.01875154988944777,0.2853130625788631,0.32178966788918545
polymarket,3d,72.0,35,37.5,35-40,1902,718,0.3774973711882229,0.3715001768920092,0.005997194296213704,0.355978822826744,0.3995097760158881
polymarket,3d,72.0,40,42.5,40-45,2070,846,0.40869565217391307,0.42175257679719685,-0.013056924623283783,0.38770614740846493,0.43002342268020527
polymarket,3d,72.0,45,47.5,45-50,2190,1016,0.4639269406392694,0.47191942627641936,-0.007992485637149938,0.44312156043741635,0.48485865472488165
polymarket,3d,72.0,50,52.5,50-55,2442,1146,0.4692874692874693,0.5187730694681482,-0.04948560018067888,0.4495572540583683,0.48911416276600805
polymarket,3d,72.0,55,57.5,55-60,1606,871,0.5423412204234122,0.5711286025894531,-0.02878738216604093,0.5179027096335225,0.5665776516641354
polymarket,3d,72.0,60,62.5,60-65,1353,808,0.5971914264597191,0.6215796851535221,-0.02438825869380301,0.57081737611944,0.6230151242991793
polymarket,3d,72.0,65,67.5,65-70,1201,761,0.6336386344712739,0.6717664018589871,-0.038127767387713174,0.6060030661977646,0.6604219974786555
polymarket,3d,72.0,70,72.5,70-75,1157,800,0.6914433880726015,0.7213589609846744,-0.02991557291207292,0.664230833436053,0.7173888466305468
polymarket,3d,72.0,75,77.5,75-80,1127,825,0.7320319432120674,0.7704397078101843,-0.0384077645981169,0.7054172913677061,0.7570701162409279
polymarket,3d,72.0,80,82.5,80-85,1117,875,0.7833482542524619,0.82092216985384,-0.03757391560137813,0.7582394883876659,0.8065147105999518
polymarket,3d,72.0,85,87.5,85-90,967,788,0.8148914167528438,0.8726281029902745,-0.05773668623743067,0.7891824312854625,0.8381083646590046
polymarket,3d,72.0,90,92.5,90-95,1349,1169,0.8665678280207562,0.9237495026454018,-0.05718167462464563,0.8473767804689434,0.8836770250911461
polymarket,3d,72.0,95,97.5,95-100,16344,16106,0.9854380812530592,0.9942629529091139,-0.008824871656054722,0.9834841415802666,0.9871638735069359
polymarket,1d,24.0,0,2.5,0-5,55934,413,0.00738370222047413,0.006244251633888367,0.0011394505865857628,0.006707262036130738,0.008127804463825168
polymarket,1d,24.0,5,7.5,5-10,5652,439,0.07767162066525124,0.06836435619354007,0.009307264471711166,0.07097698414280337,0.08493997081576546
polymarket,1d,24.0,10,12.5,10-15,3951,398,0.10073399139458365,0.12053923087569243,-0.01980523948110878,0.0917333617396726,0.11051028817035165
polymarket,1d,24.0,15,17.5,15-20,3629,615,0.1694681730504271,0.17102384978359164,-0.001555676733164535,0.15761282689495285,0.18202257036541766
polymarket,1d,24.0,20,22.5,20-25,4167,892,0.2140628749700024,0.2204443078041856,-0.006381432834183215,0.2018751905216015,0.22677729055080367
polymarket,1d,24.0,25,27.5,25-30,5000,1339,0.2678,0.27112672739350385,-0.00332672739350387,0.25570754037000326,0.2802489935058892
polymarket,1d,24.0,30,32.5,30-35,3742,1183,0.31614110101549975,0.3217324181349446,-0.0055913171194448275,0.3014381096158492,0.33122121052198045
polymarket,1d,24.0,35,37.5,35-40,2956,1079,0.36502029769959404,0.3714545356253899,-0.006434237925795838,0.3478501647620906,0.38254081291725545
polymarket,1d,24.0,40,42.5,40-45,3588,1484,0.4136008918617614,0.4223418878951113,-0.00874099603334988,0.3975871384985574,0.4297994589505061
polymarket,1d,24.0,45,47.5,45-50,5931,2863,0.4827179227786208,0.47783236771333215,0.004885555065288649,0.4700156979939802,0.4954425208066699
polymarket,1d,24.0,50,52.5,50-55,7529,3773,0.5011289679904369,0.5144536743097258,-0.013324706319288837,0.48983705050552107,0.5124197339727293
polymarket,1d,24.0,55,57.5,55-60,2657,1505,0.5664283025969138,0.5699062619910503,-0.0034779593941365317,0.547502187996294,0.5851626049774779
polymarket,1d,24.0,60,62.5,60-65,2099,1233,0.5874225821819914,0.6206630417957534,-0.033240459613761986,0.5662205665362856,0.6083051799583623
polymarket,1d,24.0,65,67.5,65-70,1774,1143,0.6443066516347238,0.6723298250031066,-0.02802317336838278,0.6217393820959529,0.666250279075211
polymarket,1d,24.0,70,72.5,70-75,1632,1108,0.678921568627451,0.7209950083358149,-0.04207343970836386,0.6558718520769853,0.701130928632345
polymarket,1d,24.0,75,77.5,75-80,1518,1110,0.7312252964426877,0.7704907177015161,-0.03926542125882837,0.7083603282694779,0.7529228959504408
polymarket,1d,24.0,80,82.5,80-85,1481,1169,0.7893315327481432,0.8200224617978901,-0.030690929049746907,0.7678277123723004,0.809338229099167
polymarket,1d,24.0,85,87.5,85-90,1178,966,0.8200339558573854,0.8728766968680489,-0.05284274101066355,0.7970667933532305,0.8409205646818902
polymarket,1d,24.0,90,92.5,90-95,1541,1325,0.8598312783906554,0.9228849196704947,-0.06305364127983926,0.8416014055271943,0.8762715466253113
polymarket,1d,24.0,95,97.5,95-100,18454,18162,0.9841768722228244,0.9943802515084308,-0.01020337928560644,0.9822729688021306,0.9858792337825966
polymarket,6h,6.0,0,2.5,0-5,62403,433,0.006938768969440572,0.005349212479462052,0.0015895564899785193,0.0063171314821239815,0.007621109545603338
polymarket,6h,6.0,5,7.5,5-10,5296,407,0.07685045317220544,0.06850003396980875,0.008350419202396694,0.06997954883956958,0.08433479897037252
polymarket,6h,6.0,10,12.5,10-15,4157,476,0.11450565311522733,0.12071678185512125,-0.00621112873989392,0.10517956135116797,0.12454357927499767
polymarket,6h,6.0,15,17.5,15-20,3891,639,0.16422513492675406,0.17119834475173806,-0.006973209824984006,0.15291635953933952,0.17619628011203942
polymarket,6h,6.0,20,22.5,20-25,4539,979,0.21568627450980393,0.22056860199954645,-0.004882327489742516,0.20396380953568566,0.22788959252878432
polymarket,6h,6.0,25,27.5,25-30,6065,1644,0.27106347897774113,0.2715987736100213,-0.0005352946322801921,0.2600238087702283,0.28239298457629775
polymarket,6h,6.0,30,32.5,30-35,4826,1485,0.30770824699544136,0.3215139843581148,-0.013805737362673431,0.29484350881281074,0.3208788784389782
polymarket,6h,6.0,35,37.5,35-40,3953,1468,0.37136352137617,0.3711206253795152,0.00024289599665483497,0.35643287987002026,0.38654394285646965
polymarket,6h,6.0,40,42.5,40-45,6003,2484,0.41379310344827586,0.42337940151281955,-0.009586298064543697,0.40139293227147915,0.42630353969808304
polymarket,6h,6.0,45,47.5,45-50,15473,7422,0.4796742713113165,0.4801020667042591,-0.00042779539294257596,0.47180839002661606,0.48755024293891086
polymarket,6h,6.0,50,52.5,50-55,23359,11730,0.5021619076159082,0.5116872074829932,-0.009525299867085057,0.4957500589519984,0.5085730453060041
polymarket,6h,6.0,55,57.5,55-60,5119,2851,0.5569447157647978,0.5689718701817291,-0.012027154416931363,0.5432989174866628,0.5705051087787597
polymarket,6h,6.0,60,62.5,60-65,3232,1882,0.5823019801980198,0.6206109787796129,-0.03830899858159309,0.5652110790241425,0.5991974630997983
polymarket,6h,6.0,65,67.5,65-70,2598,1690,0.6505003849114703,0.6720768147914699,-0.021576429879999526,0.6319552509698599,0.6686010934286614
polymarket,6h,6.0,70,72.5,70-75,2253,1536,0.681757656458056,0.7202344697925787,-0.038476813334522686,0.6622281612874219,0.700668375181952
polymarket,6h,6.0,75,77.5,75-80,2110,1575,0.7464454976303317,0.769368683567843,-0.022923185937511303,0.7274460274590608,0.7645492100270403
polymarket,6h,6.0,80,82.5,80-85,1928,1534,0.7956431535269709,0.8207922940895708,-0.02514914056259987,0.7770642147162028,0.8130462788149437
polymarket,6h,6.0,85,87.5,85-90,1495,1235,0.8260869565217391,0.8719289420899133,-0.045841985568174204,0.8060437754380246,0.8444585858521877
polymarket,6h,6.0,90,92.5,90-95,1843,1583,0.8589256646771568,0.9227805146387947,-0.06385484996163793,0.8422854496505556,0.8740726830664027
polymarket,6h,6.0,95,97.5,95-100,20912,20483,0.9794854628921194,0.9943300985570432,-0.014844635664923889,0.9774742861482761,0.9813205060249444
polymarket,1h,1.0,0,2.5,0-5,73746,399,0.005410462940362867,0.004904623710288526,0.0005058392300743408,0.004906161978456901,0.005966289847934548
polymarket,1h,1.0,5,7.5,5-10,5428,373,0.0687177597641857,0.06799050600172801,0.0007272537624576914,0.06228830599591994,0.07575725114992911
polymarket,1h,1.0,10,12.5,10-15,4338,436,0.10050714615029968,0.12034401255276742,-0.019836866402467734,0.09190994647700695,0.10981127707016253
polymarket,1h,1.0,15,17.5,15-20,3921,642,0.1637337413925019,0.17124618977613104,-0.007512448383629133,0.15248145521008705,0.17564429641260265
polymarket,1h,1.0,20,22.5,20-25,4533,980,0.21619236708581513,0.22047912608158513,-0.004286758995769996,0.20445172442220824,0.2284136416509648
polymarket,1h,1.0,25,27.5,25-30,6137,1687,0.27489001140622454,0.27149247805903487,0.003397533347189674,0.26386328167917394,0.28619839064925745
polymarket,1h,1.0,30,32.5,30-35,4880,1522,0.31188524590163935,0.32107768280641386,-0.009192436904774504,0.29903956179683183,0.3250268698417372
polymarket,1h,1.0,35,37.5,35-40,4151,1505,0.3625632377740304,0.3718340205414292,-0.009270782767398844,0.3480717163366661,0.3773089094855072
polymarket,1h,1.0,40,42.5,40-45,6789,2784,0.41007512152010606,0.424443379572091,-0.014368258051984939,0.39842924639312205,0.42182270825278045
polymarket,1h,1.0,45,47.5,45-50,24002,11502,0.4792100658278477,0.4779375396358621,0.0012725261919855901,0.4728937588918382,0.48553302669521664
polymarket,1h,1.0,50,52.5,50-55,41954,21094,0.5027887686513801,0.5115473110451202,-0.008758542393740076,0.4980042755886477,0.50757275104277
polymarket,1h,1.0,55,57.5,55-60,6975,3910,0.560573476702509,0.5661876461198188,-0.0056141694173097445,0.5488955060436042,0.5721847603432989
polymarket,1h,1.0,60,62.5,60-65,3315,1933,0.583107088989442,0.6204665664225935,-0.03735947743315149,0.5662361295593742,0.5997856534627503
polymarket,1h,1.0,65,67.5,65-70,2431,1601,0.6585767174002468,0.671993038655527,-0.01341632125528014,0.639489649396871,0.6771633928379913
polymarket,1h,1.0,70,72.5,70-75,2190,1516,0.6922374429223744,0.7196588380042425,-0.027421395081868027,0.6725831456806095,0.711218492505119
polymarket,1h,1.0,75,77.5,75-80,1978,1468,0.7421638018200202,0.7700569292412446,-0.027893127421224406,0.7224292420973685,0.7609595413452638
polymarket,1h,1.0,80,82.5,80-85,1988,1585,0.7972837022132797,0.8197996030652781,-0.022515900851998394,0.7790455566091119,0.8143751250354527
polymarket,1h,1.0,85,87.5,85-90,1556,1336,0.8586118251928021,0.8718195647617157,-0.013207739568913635,0.8404150622225472,0.8750421995917295
polymarket,1h,1.0,90,92.5,90-95,2045,1799,0.8797066014669926,0.9222933950058528,-0.04258679353886019,0.864890536542505,0.893098758481571
polymarket,1h,1.0,95,97.5,95-100,29943,29498,0.9851384296830645,0.9945258800634647,-0.00938745038040012,0.9837043387027907,0.98644805292705
