platform,liquidity_quintile,liquidity_quintile_label,price_bucket_5c_floor,price_bucket_5c_mid,price_bucket_5c_label,market_count,wins,empirical_win_rate,avg_implied_probability,calibration_gap,empirical_win_rate_ci_low,empirical_win_rate_ci_high
kalshi,1,Q1 Lowest,0,2.5,0-5,38137,415,0.010881820803943676,0.02014107035162703,-0.009259249547683354,0.009888716691807567,0.011973454278221577
kalshi,1,Q1 Lowest,5,7.5,5-10,27960,1065,0.038090128755364806,0.06890701001430616,-0.030816881258941352,0.0359091617309692,0.040398007738907935
kalshi,1,Q1 Lowest,10,12.5,10-15,10397,701,0.0674232951813023,0.11926421083004714,-0.05184091564874484,0.06276128650274906,0.07240485236047525
kalshi,1,Q1 Lowest,15,17.5,15-20,6750,697,0.10325925925925926,0.16793185185185183,-0.06467259259259257,0.09622405986255186,0.11074579267292955
kalshi,1,Q1 Lowest,20,22.5,20-25,4565,703,0.15399780941949617,0.21883899233296822,-0.06484118291347205,0.1438183255513622,0.16475914844117018
kalshi,1,Q1 Lowest,25,27.5,25-30,3328,639,0.19200721153846154,0.2685246394230769,-0.07651742788461538,0.17898314761692652,0.20574150435932592
kalshi,1,Q1 Lowest,30,32.5,30-35,2366,521,0.22020287404902789,0.31719357565511413,-0.09699070160608625,0.20396632761369105,0.237346543254978
kalshi,1,Q1 Lowest,35,37.5,35-40,1993,541,0.27145007526342196,0.3679126944305068,-0.09646261916708482,0.25237923153295816,0.29140030511131043
kalshi,1,Q1 Lowest,40,42.5,40-45,1565,522,0.33354632587859423,0.41884345047923327,-0.08529712460063904,0.3106195608882849,0.3572882763337776
kalshi,1,Q1 Lowest,45,47.5,45-50,1595,582,0.36489028213166147,0.4679561128526646,-0.10306583072100312,0.34161556928200815,0.3888142619157791
kalshi,1,Q1 Lowest,50,52.5,50-55,1014,466,0.45956607495069035,0.5161834319526627,-0.056617357001972346,0.42910140000638947,0.49033596627928805
kalshi,1,Q1 Lowest,55,57.5,55-60,629,313,0.49761526232114467,0.56879173290938,-0.07117647058823534,0.45867380151692794,0.5365856757361476
kalshi,1,Q1 Lowest,60,62.5,60-65,505,310,0.6138613861386139,0.6186732673267327,-0.004811881188118816,0.5706899977012541,0.6553135366009728
kalshi,1,Q1 Lowest,65,67.5,65-70,455,295,0.6483516483516484,0.6694505494505495,-0.021098901098901113,0.6034017142685453,0.690817467252921
kalshi,1,Q1 Lowest,70,72.5,70-75,428,345,0.8060747663551402,0.7185981308411215,0.08747663551401874,0.7659621596604178,0.8407417799322476
kalshi,1,Q1 Lowest,75,77.5,75-80,450,357,0.7933333333333333,0.7685777777777778,0.02475555555555553,0.7535142306387096,0.8281865213417171
kalshi,1,Q1 Lowest,80,82.5,80-85,550,489,0.889090909090909,0.8179818181818181,0.0711090909090909,0.8601002760373431,0.9126838557432959
kalshi,1,Q1 Lowest,85,87.5,85-90,744,693,0.9314516129032258,0.8707123655913979,0.06073924731182789,0.9109896875111282,0.9474808763088037
kalshi,1,Q1 Lowest,90,92.5,90-95,1494,1461,0.9779116465863453,0.922342704149933,0.055568942436412305,0.9691425554598703,0.9842292830576336
kalshi,1,Q1 Lowest,95,97.5,95-100,5879,5777,0.9826501105630209,0.9799353631569996,0.0027147474060212895,0.9789834313406333,0.9856864316045121
kalshi,2,Q2 Low-Mid,0,2.5,0-5,53902,547,0.010148046454677007,0.01908370746911061,-0.008935661014433603,0.00933614990199338,0.011029761609904805
kalshi,2,Q2 Low-Mid,5,7.5,5-10,15939,541,0.033941903507120896,0.06663592446201143,-0.03269402095489053,0.031241078759698806,0.03686733172592001
kalshi,2,Q2 Low-Mid,10,12.5,10-15,7446,515,0.06916465216223476,0.11761214074670963,-0.04844748858447487,0.06362069748439535,0.07515293764900134
kalshi,2,Q2 Low-Mid,15,17.5,15-20,4926,478,0.09703613479496549,0.16869468128298823,-0.07165854648802274,0.08908111010431731,0.10561918209168349
kalshi,2,Q2 Low-Mid,20,22.5,20-25,4022,583,0.14495275982098457,0.21692441571357535,-0.07197165589259077,0.13441111297559147,0.15617200385642696
kalshi,2,Q2 Low-Mid,25,27.5,25-30,2772,515,0.18578643578643578,0.26976911976911977,-0.08398268398268399,0.1717458760787316,0.20069670133634854
kalshi,2,Q2 Low-Mid,30,32.5,30-35,2160,467,0.2162037037037037,0.31666666666666665,-0.10046296296296295,0.19935514036739096,0.234059948796252
kalshi,2,Q2 Low-Mid,35,37.5,35-40,1705,456,0.26744868035190617,0.36914956011730204,-0.10170087976539588,0.24697824901721402,0.28896469619198506
kalshi,2,Q2 Low-Mid,40,42.5,40-45,1370,425,0.3102189781021898,0.4200948905109489,-0.1098759124087591,0.28628270914476445,0.33521659616088356
kalshi,2,Q2 Low-Mid,45,47.5,45-50,1049,370,0.35271687321258344,0.46920877025738794,-0.1164918970448045,0.3243867183408969,0.3821218390717283
kalshi,2,Q2 Low-Mid,50,52.5,50-55,954,405,0.42452830188679247,0.515943396226415,-0.09141509433962258,0.39352735523789123,0.456134634803051
kalshi,2,Q2 Low-Mid,55,57.5,55-60,627,301,0.4800637958532695,0.5693460925039873,-0.08928229665071774,0.44119795750732915,0.5191724429228264
kalshi,2,Q2 Low-Mid,60,62.5,60-65,519,314,0.605009633911368,0.6185741811175337,-0.013564547206165734,0.5623279411636534,0.6461482015151235
kalshi,2,Q2 Low-Mid,65,67.5,65-70,484,322,0.6652892561983471,0.6687809917355372,-0.003491735537190066,0.622092246291395,0.7058830637272667
kalshi,2,Q2 Low-Mid,70,72.5,70-75,454,357,0.7863436123348018,0.7179735682819383,0.06837004405286351,0.7463182970417047,0.8215636953329507
kalshi,2,Q2 Low-Mid,75,77.5,75-80,550,444,0.8072727272727273,0.7701454545454546,0.037127272727272675,0.7722216018418717,0.8380611938166704
kalshi,2,Q2 Low-Mid,80,82.5,80-85,655,595,0.9083969465648855,0.8194045801526718,0.08899236641221364,0.8838601520917372,0.928171146478359
kalshi,2,Q2 Low-Mid,85,87.5,85-90,885,821,0.927683615819209,0.8707457627118644,0.05693785310734456,0.9087071760918997,0.9429631327685315
kalshi,2,Q2 Low-Mid,90,92.5,90-95,1752,1693,0.966324200913242,0.9229737442922376,0.04335045662100445,0.9568045839357605,0.9738032795526087
kalshi,2,Q2 Low-Mid,95,97.5,95-100,8633,8528,0.9878373682381559,0.980590756399861,0.007246611838294892,0.985298501448237,0.9899422624902842
kalshi,3,Q3 Mid,0,2.5,0-5,56803,376,0.006619368695315388,0.013719697903279758,-0.0071003292079643695,0.005985059333905101,0.00732040843566722
kalshi,3,Q3 Mid,5,7.5,5-10,12927,360,0.027848688790902763,0.06753925891544829,-0.03969057012454553,0.025149454980221465,0.030828463734674866
kalshi,3,Q3 Mid,10,12.5,10-15,6229,325,0.05217530903836892,0.11748916358966126,-0.06531385455129234,0.04692353376204208,0.057979116098336204
kalshi,3,Q3 Mid,15,17.5,15-20,4084,353,0.08643486777668952,0.1676052889324192,-0.08117042115572967,0.07820039248992139,0.0954466490197105
kalshi,3,Q3 Mid,20,22.5,20-25,2655,308,0.1160075329566855,0.2178719397363465,-0.101864406779661,0.10437727523572175,0.1287474058283928
kalshi,3,Q3 Mid,25,27.5,25-30,2109,342,0.16216216216216217,0.2688051209103841,-0.10664295874822194,0.1470471467061596,0.17850570117415482
kalshi,3,Q3 Mid,30,32.5,30-35,1552,355,0.22873711340206185,0.31802190721649487,-0.08928479381443302,0.20852517289672737,0.25028862922811623
kalshi,3,Q3 Mid,35,37.5,35-40,1333,346,0.2595648912228057,0.36888972243060764,-0.10932483120780195,0.236744864548395,0.28376676525127603
kalshi,3,Q3 Mid,40,42.5,40-45,1066,312,0.2926829268292683,0.41728893058161354,-0.12460600375234526,0.2661524161380164,0.32070231076734973
kalshi,3,Q3 Mid,45,47.5,45-50,936,375,0.40064102564102566,0.4703525641025641,-0.06971153846153844,0.3697152760299024,0.43237903433048175
kalshi,3,Q3 Mid,50,52.5,50-55,931,393,0.4221267454350161,0.5162943071965629,-0.09416756176154678,0.3907841257245277,0.4541093835074105
kalshi,3,Q3 Mid,55,57.5,55-60,575,300,0.5217391304347826,0.569304347826087,-0.04756521739130437,0.480900134457781,0.5622895740911553
kalshi,3,Q3 Mid,60,62.5,60-65,532,305,0.5733082706766918,0.6178947368421053,-0.04458646616541351,0.5309011022646767,0.6146643036313942
kalshi,3,Q3 Mid,65,67.5,65-70,509,358,0.7033398821218074,0.6699803536345776,0.033359528487229784,0.6622528331223537,0.7413805694721315
kalshi,3,Q3 Mid,70,72.5,70-75,572,453,0.791958041958042,0.7184965034965035,0.07346153846153847,0.7567995127220765,0.8232211040586493
kalshi,3,Q3 Mid,75,77.5,75-80,686,563,0.8206997084548106,0.769868804664723,0.05083090379008759,0.79023191498472,0.8475956674631927
kalshi,3,Q3 Mid,80,82.5,80-85,871,788,0.904707233065442,0.8194029850746268,0.08530424799081515,0.88339211661552,0.9224680528140087
kalshi,3,Q3 Mid,85,87.5,85-90,1183,1097,0.9273034657650042,0.8709213863060018,0.05638207945900242,0.9110841496724588,0.9407565677408843
kalshi,3,Q3 Mid,90,92.5,90-95,2394,2327,0.9720133667502089,0.9224101921470342,0.04960317460317465,0.9646122574873625,0.9779020437075122
kalshi,3,Q3 Mid,95,97.5,95-100,12857,12706,0.9882554250602784,0.9809208991211014,0.00733452593917705,0.9862418991716088,0.9899772621000765
kalshi,4,Q4 Mid-High,0,2.5,0-5,54937,212,0.0038589657243751933,0.013300507854451462,-0.00944154213007627,0.003374050847266311,0.00441326342641966
kalshi,4,Q4 Mid-High,5,7.5,5-10,9662,170,0.017594700890084868,0.06504139929621196,-0.047446698406127086,0.015158392176570817,0.02041446471775279
kalshi,4,Q4 Mid-High,10,12.5,10-15,4566,156,0.03416557161629435,0.11721419185282522,-0.08304862023653087,0.029275780662131344,0.03983856238205644
kalshi,4,Q4 Mid-High,15,17.5,15-20,2684,167,0.06222056631892697,0.16794336810730254,-0.10572280178837556,0.05369273381883481,0.07199979210977643
kalshi,4,Q4 Mid-High,20,22.5,20-25,1937,176,0.09086215797625194,0.21837893649974188,-0.12751677852348994,0.07885940236576981,0.10448456552939482
kalshi,4,Q4 Mid-High,25,27.5,25-30,1550,230,0.14838709677419354,0.2683225806451613,-0.11993548387096775,0.13155952694235,0.16695326869911042
kalshi,4,Q4 Mid-High,30,32.5,30-35,1153,209,0.18126626192541198,0.31777103209019947,-0.1365047701647875,0.16009968966207563,0.20454971437042116
kalshi,4,Q4 Mid-High,35,37.5,35-40,909,194,0.21342134213421343,0.36896589658965895,-0.15554455445544552,0.1880204361474491,0.24123432174263823
kalshi,4,Q4 Mid-High,40,42.5,40-45,802,213,0.2655860349127182,0.41720698254364086,-0.15162094763092265,0.23618976923939786,0.29721729239653655
kalshi,4,Q4 Mid-High,45,47.5,45-50,737,268,0.36363636363636365,0.4707055630936228,-0.10706919945725918,0.3296961080700716,0.39899083391590756
kalshi,4,Q4 Mid-High,50,52.5,50-55,718,347,0.4832869080779944,0.5145543175487465,-0.03126740947075207,0.4469203038926648,0.5198314045153848
kalshi,4,Q4 Mid-High,55,57.5,55-60,542,279,0.514760147601476,0.5691881918819188,-0.05442804428044279,0.47272820563055173,0.5565843275292515
kalshi,4,Q4 Mid-High,60,62.5,60-65,519,312,0.6011560693641619,0.6180154142581888,-0.016859344894026962,0.5584336173265796,0.6423920247034349
kalshi,4,Q4 Mid-High,65,67.5,65-70,546,372,0.6813186813186813,0.6706043956043957,0.010714285714285676,0.6410827591913019,0.7190209506771402
kalshi,4,Q4 Mid-High,70,72.5,70-75,529,413,0.780718336483932,0.7177693761814744,0.06294896030245756,0.743504008250952,0.8138849043264443
kalshi,4,Q4 Mid-High,75,77.5,75-80,727,619,0.8514442916093535,0.7696698762035763,0.08177441540577723,0.8237458618043961,0.8754480538128869
kalshi,4,Q4 Mid-High,80,82.5,80-85,944,843,0.8930084745762712,0.8185487288135593,0.07445974576271186,0.8716728104727902,0.9111584136473581
kalshi,4,Q4 Mid-High,85,87.5,85-90,1415,1330,0.9399293286219081,0.8710388692579505,0.06889045936395766,0.9263166953403901,0.9511596910300124
kalshi,4,Q4 Mid-High,90,92.5,90-95,2975,2868,0.9640336134453782,0.9227193277310924,0.04131428571428575,0.9567215268754785,0.9701488377655956
kalshi,4,Q4 Mid-High,95,97.5,95-100,22952,22763,0.9917654234925061,0.982159288950854,0.009606134541652045,0.9905111807961444,0.9928550748762244
kalshi,5,Q5 Highest,0,2.5,0-5,56695,127,0.0022400564423670517,0.013126025222682776,-0.010885968780315725,0.0018831781874130596,0.002664385620310306
kalshi,5,Q5 Highest,5,7.5,5-10,4696,92,0.019591141396933562,0.06397998296422487,-0.04438884156729131,0.016002106434936207,0.023965538432073774
kalshi,5,Q5 Highest,10,12.5,10-15,1863,86,0.04616210413311862,0.11528180354267312,-0.0691196994095545,0.0375315059002161,0.05666052410382921
kalshi,5,Q5 Highest,15,17.5,15-20,1091,81,0.07424381301558204,0.16750687442713108,-0.09326306141154904,0.060136474844157274,0.0913389531994976
kalshi,5,Q5 Highest,20,22.5,20-25,782,64,0.08184143222506395,0.21727621483375958,-0.13543478260869563,0.06461079234748943,0.1031604226149152
kalshi,5,Q5 Highest,25,27.5,25-30,580,84,0.14482758620689656,0.268,-0.12317241379310345,0.11852203786649054,0.17580710894319215
kalshi,5,Q5 Highest,30,32.5,30-35,487,101,0.20739219712525667,0.3171868583162218,-0.10979466119096512,0.17374097609910938,0.24562364173279405
kalshi,5,Q5 Highest,35,37.5,35-40,369,81,0.21951219512195122,0.3695934959349594,-0.15008130081300816,0.1802877581877919,0.264516684234942
kalshi,5,Q5 Highest,40,42.5,40-45,301,76,0.25249169435215946,0.41674418604651164,-0.1642524916943522,0.20674139494061589,0.30448017061998994
kalshi,5,Q5 Highest,45,47.5,45-50,300,95,0.31666666666666665,0.46873333333333334,-0.15206666666666668,0.2666274830211129,0.37134177464472345
kalshi,5,Q5 Highest,50,52.5,50-55,380,169,0.44473684210526315,0.5138684210526315,-0.06913157894736838,0.3955725892366379,0.49500727495734215
kalshi,5,Q5 Highest,55,57.5,55-60,258,132,0.5116279069767442,0.5694961240310077,-0.05786821705426348,0.4509105350903168,0.5720040819911554
kalshi,5,Q5 Highest,60,62.5,60-65,301,192,0.6378737541528239,0.6185049833887043,0.01936877076411958,0.5821552161266702,0.6901173346013144
kalshi,5,Q5 Highest,65,67.5,65-70,311,222,0.7138263665594855,0.669967845659164,0.043858520900321496,0.6612238469575384,0.7612107995440673
kalshi,5,Q5 Highest,70,72.5,70-75,362,278,0.7679558011049724,0.72,0.04795580110497244,0.7217930008751001,0.8084911439569802
kalshi,5,Q5 Highest,75,77.5,75-80,488,396,0.8114754098360656,0.7683401639344263,0.04313524590163931,0.774389807920659,0.8436953642160614
kalshi,5,Q5 Highest,80,82.5,80-85,530,469,0.8849056603773585,0.8182830188679246,0.06662264150943387,0.854922187814306,0.9093494613040843
kalshi,5,Q5 Highest,85,87.5,85-90,839,767,0.9141835518474374,0.8704886769964243,0.04369487485101309,0.893292020937889,0.9312994562744366
kalshi,5,Q5 Highest,90,92.5,90-95,1995,1888,0.9463659147869674,0.9226867167919799,0.023679197994987522,0.9355940379257981,0.9554220385857175
kalshi,5,Q5 Highest,95,97.5,95-100,38176,38031,0.9962018021793797,0.9860218461860855,0.010179955993294243,0.9955328352653707,0.9967709148895278
polymarket,1,Q1 Lowest,0,2.5,0-5,18135,158,0.008712434518886132,0.007359346103125896,0.0013530884157602358,0.007460038105948634,0.010172929150350687
polymarket,1,Q1 Lowest,5,7.5,5-10,1508,101,0.06697612732095491,0.06504465030333345,0.0019314770176214607,0.055427370973031485,0.0807255170014759
polymarket,1,Q1 Lowest,10,12.5,10-15,902,63,0.06984478935698447,0.11820932067665034,-0.048364531319665865,0.05497037534970141,0.08836770936621359
polymarket,1,Q1 Lowest,15,17.5,15-20,703,75,0.10668563300142248,0.16997004457148526,-0.06328441157006279,0.0859642413445584,0.13168225823894095
polymarket,1,Q1 Lowest,20,22.5,20-25,783,138,0.17624521072796934,0.21938403056158345,-0.04313881983361412,0.15115519806899752,0.20449656208196554
polymarket,1,Q1 Lowest,25,27.5,25-30,1135,266,0.2343612334801762,0.2713524306624755,-0.03699119718229929,0.21063848647327862,0.2598761136256289
polymarket,1,Q1 Lowest,30,32.5,30-35,838,208,0.24821002386634844,0.3218174225249033,-0.07360739865855487,0.2201555039376627,0.2785625446833606
polymarket,1,Q1 Lowest,35,37.5,35-40,804,257,0.31965174129353235,0.3723597802406461,-0.05270803894711373,0.2883393328517168,0.35267940151403004
polymarket,1,Q1 Lowest,40,42.5,40-45,1880,741,0.3941489361702128,0.42565190736356406,-0.03150297119335127,0.3722965478250717,0.4164330353840473
polymarket,1,Q1 Lowest,45,47.5,45-50,3828,1742,0.455067920585162,0.4722233128871144,-0.0171553923019524,0.4393454479096971,0.47088048627296863
polymarket,1,Q1 Lowest,50,52.5,50-55,4314,2124,0.49235048678720444,0.5195066295116761,-0.0271561427244717,0.4774450851504021,0.5072695000256728
polymarket,1,Q1 Lowest,55,57.5,55-60,2028,1115,0.5498027613412229,0.5664403500610843,-0.01663758871986143,0.5280754308175113,0.5713417678460064
polymarket,1,Q1 Lowest,60,62.5,60-65,754,445,0.5901856763925729,0.617449751645401,-0.027264075252828035,0.5547104789705659,0.6247465474053944
polymarket,1,Q1 Lowest,65,67.5,65-70,491,325,0.6619144602851323,0.6715621403114024,-0.009647680026270034,0.6189576105239678,0.7023573314695912
polymarket,1,Q1 Lowest,70,72.5,70-75,380,273,0.718421052631579,0.7211689820061141,-0.002747929374535163,0.6711863991895508,0.7612836613770997
polymarket,1,Q1 Lowest,75,77.5,75-80,399,300,0.7518796992481203,0.7687495701780052,-0.0168698709298849,0.7072305693720351,0.7917248513193731
polymarket,1,Q1 Lowest,80,82.5,80-85,339,265,0.7817109144542773,0.8188124340963532,-0.037101519642075864,0.7347136329285537,0.8223949559941441
polymarket,1,Q1 Lowest,85,87.5,85-90,354,320,0.903954802259887,0.8738253968226749,0.030129405437212098,0.8687820380106606,0.9304542721332689
polymarket,1,Q1 Lowest,90,92.5,90-95,619,539,0.8707592891760905,0.9238871954681512,-0.05312790629206077,0.8420273600527417,0.8949176352719121
polymarket,1,Q1 Lowest,95,97.5,95-100,11204,10878,0.9709032488397001,0.9916645342004649,-0.020761285360764714,0.9676259044001407,0.9738577796662009
polymarket,2,Q2 Low-Mid,0,2.5,0-5,21631,82,0.0037908557163330407,0.005601859953651118,-0.0018110042373180773,0.003055353436329208,0.004702577178702427
polymarket,2,Q2 Low-Mid,5,7.5,5-10,1289,68,0.05275407292474787,0.06772153199031217,-0.0149674590655643,0.041825297934449994,0.06634077592950983
polymarket,2,Q2 Low-Mid,10,12.5,10-15,1018,78,0.07662082514734773,0.11922425959035382,-0.042603434443006086,0.06182601174146124,0.09459901538603091
polymarket,2,Q2 Low-Mid,15,17.5,15-20,923,107,0.11592632719393282,0.17051446510165724,-0.05458813790772442,0.09684635730886033,0.1381901365213691
polymarket,2,Q2 Low-Mid,20,22.5,20-25,1073,189,0.17614165890027958,0.2208503644457754,-0.04470870554549583,0.15451476182159457,0.20007926574940565
polymarket,2,Q2 Low-Mid,25,27.5,25-30,1484,360,0.24258760107816713,0.27174669178193017,-0.029159090703763046,0.22146107978915,0.2650433975691925
polymarket,2,Q2 Low-Mid,30,32.5,30-35,1209,301,0.24896608767576509,0.32119220373352575,-0.07222611605776066,0.2254119721728435,0.2741104716483447
polymarket,2,Q2 Low-Mid,35,37.5,35-40,856,290,0.338785046728972,0.3709169251127136,-0.03213187838374165,0.30786121706122743,0.3711494286204889
polymarket,2,Q2 Low-Mid,40,42.5,40-45,1478,574,0.38836265223274696,0.4233481283193774,-0.03498547608663044,0.36383500012702,0.4134691327843519
polymarket,2,Q2 Low-Mid,45,47.5,45-50,2019,919,0.4551758296186231,0.47155840359249773,-0.01638257397387466,0.4335591308510868,0.47696278050371216
polymarket,2,Q2 Low-Mid,50,52.5,50-55,2219,1135,0.5114916629112213,0.5196074076012371,-0.008115744690015858,0.49069124092780997,0.5322523642305602
polymarket,2,Q2 Low-Mid,55,57.5,55-60,1310,724,0.5526717557251909,0.5684620323936334,-0.01579027666844246,0.5256309853928038,0.579404507470263
polymarket,2,Q2 Low-Mid,60,62.5,60-65,657,381,0.5799086757990868,0.620441382069878,-0.0405327062707912,0.541809133236088,0.6170791691952359
polymarket,2,Q2 Low-Mid,65,67.5,65-70,459,315,0.6862745098039216,0.6712888640118162,0.014985645792105373,0.6424270989647719,0.7270297519319496
polymarket,2,Q2 Low-Mid,70,72.5,70-75,382,274,0.7172774869109948,0.7193925985334877,-0.0021151116224928934,0.6701281095108497,0.7601002536309164
polymarket,2,Q2 Low-Mid,75,77.5,75-80,354,285,0.8050847457627118,0.7705292643217116,0.03455548144100018,0.7606346025991739,0.8429844288381994
polymarket,2,Q2 Low-Mid,80,82.5,80-85,353,279,0.7903682719546742,0.8208254142033793,-0.030457142248705105,0.7448928278107708,0.8295917614299454
polymarket,2,Q2 Low-Mid,85,87.5,85-90,347,302,0.8703170028818443,0.8732785449180043,-0.0029615420361599476,0.830874587100792,0.901649720164937
polymarket,2,Q2 Low-Mid,90,92.5,90-95,477,427,0.8951781970649895,0.9236015328242965,-0.028423335759307,0.8644594250732337,0.9195825546556416
polymarket,2,Q2 Low-Mid,95,97.5,95-100,11860,11752,0.990893760539629,0.9929207082578516,-0.002026947718222649,0.9890180983617424,0.9924515126283436
polymarket,3,Q3 Mid,0,2.5,0-5,22318,72,0.0032260955282731427,0.006162300866077932,-0.0029362053378047897,0.0025627709115439014,0.004060410215231946
polymarket,3,Q3 Mid,5,7.5,5-10,1112,65,0.05845323741007194,0.06943867876799499,-0.010985441357923051,0.04612458165228351,0.07382219215503823
polymarket,3,Q3 Mid,10,12.5,10-15,1024,111,0.1083984375,0.12074957438831894,-0.012351136888318945,0.09079982778236222,0.12892430091606757
polymarket,3,Q3 Mid,15,17.5,15-20,846,131,0.15484633569739953,0.17099106983686022,-0.016144734139460687,0.13203422597173758,0.1807788912020981
polymarket,3,Q3 Mid,20,22.5,20-25,1045,201,0.1923444976076555,0.22070416459588008,-0.028359666988224563,0.16959113997719893,0.2173515594733187
polymarket,3,Q3 Mid,25,27.5,25-30,1392,385,0.2765804597701149,0.2717952324886402,0.004785227281474735,0.2537210353341471,0.30066966343855034
polymarket,3,Q3 Mid,30,32.5,30-35,1064,337,0.3167293233082707,0.3200904573882148,-0.0033611340799440947,0.2894783535943107,0.34529893921765703
polymarket,3,Q3 Mid,35,37.5,35-40,868,307,0.35368663594470046,0.3719621066320058,-0.01827547068730534,0.32258762177466327,0.3860750527295127
polymarket,3,Q3 Mid,40,42.5,40-45,1174,484,0.4122657580919932,0.4233192597670376,-0.01105350167504443,0.3844384514167106,0.44066536559909186
polymarket,3,Q3 Mid,45,47.5,45-50,1571,747,0.475493316359007,0.4713814115368624,0.004111904822144574,0.45088778398082663,0.5002184098103457
polymarket,3,Q3 Mid,50,52.5,50-55,1773,904,0.5098702763677383,0.5200953810144946,-0.0102251046467563,0.4866045939796019,0.5330932789202673
polymarket,3,Q3 Mid,55,57.5,55-60,1116,650,0.5824372759856631,0.5693311855721224,0.013106090413540716,0.5532687007684814,0.6110402514976249
polymarket,3,Q3 Mid,60,62.5,60-65,650,404,0.6215384615384615,0.6204763401041848,0.0010621214342766416,0.5836413406624449,0.6580074011734981
polymarket,3,Q3 Mid,65,67.5,65-70,478,318,0.6652719665271967,0.6722220179265128,-0.006950051399316148,0.6217980586416161,0.7061105320653716
polymarket,3,Q3 Mid,70,72.5,70-75,431,300,0.6960556844547564,0.7191302331664471,-0.02307454871169068,0.6510565331760413,0.7375907351625907
polymarket,3,Q3 Mid,75,77.5,75-80,415,332,0.8,0.7710410457918431,0.028958954208156973,0.7588415696227542,0.8356552520874103
polymarket,3,Q3 Mid,80,82.5,80-85,376,306,0.8138297872340425,0.8205012960758374,-0.006671508841794904,0.7713823080706448,0.849929312352184
polymarket,3,Q3 Mid,85,87.5,85-90,376,323,0.8590425531914894,0.8722499633799656,-0.013207410188476265,0.8202284023047963,0.8905942142806436
polymarket,3,Q3 Mid,90,92.5,90-95,445,412,0.9258426966292135,0.9229210452460418,0.002921651383171686,0.8976842188739639,0.9467116659994527
polymarket,3,Q3 Mid,95,97.5,95-100,12924,12857,0.9948158464871557,0.9922149659095061,0.0026008805776496224,0.9934221561197764,0.9959154607643909
polymarket,4,Q4 Mid-High,0,2.5,0-5,21866,76,0.0034757157230403367,0.005644562043250174,-0.0021688463202098373,0.0027780643380783607,0.004347803459702123
polymarket,4,Q4 Mid-High,5,7.5,5-10,996,68,0.06827309236947791,0.06898021398532159,-0.0007071216158436727,0.054210501020751534,0.08565325339794841
polymarket,4,Q4 Mid-High,10,12.5,10-15,894,94,0.10514541387024609,0.12148809499403533,-0.01634268112378924,0.08669941167881925,0.1269703492233265
polymarket,4,Q4 Mid-High,15,17.5,15-20,798,150,0.18796992481203006,0.17093745068424548,0.01703247412778458,0.16238136269601053,0.21654834112579166
polymarket,4,Q4 Mid-High,20,22.5,20-25,957,217,0.22675026123301986,0.22125220322649256,0.005498058006527307,0.2013435213153863,0.2543419943825186
polymarket,4,Q4 Mid-High,25,27.5,25-30,1211,374,0.3088356729975227,0.2720880865480158,0.036747586449506875,0.2834524585420575,0.3354278959008592
polymarket,4,Q4 Mid-High,30,32.5,30-35,985,340,0.34517766497461927,0.32138654275106193,0.023791122223557337,0.31614002666528596,0.3754182572904051
polymarket,4,Q4 Mid-High,35,37.5,35-40,834,303,0.36330935251798563,0.37086444387287015,-0.0075550913548845244,0.33136307355574646,0.39650911612784057
polymarket,4,Q4 Mid-High,40,42.5,40-45,1221,493,0.4037674037674038,0.42328476960886036,-0.01951736584145658,0.376589287592487,0.43154916884138983
polymarket,4,Q4 Mid-High,45,47.5,45-50,1624,784,0.4827586206896552,0.4720321070783232,0.010726513611331978,0.4585241403658105,0.5070744780747062
polymarket,4,Q4 Mid-High,50,52.5,50-55,1890,965,0.5105820105820106,0.5203375108769567,-0.009755500294946096,0.4880463120204267,0.5330747785713102
polymarket,4,Q4 Mid-High,55,57.5,55-60,1056,585,0.5539772727272727,0.5688951234364165,-0.014917850709143754,0.5238541974988009,0.5837090459141769
polymarket,4,Q4 Mid-High,60,62.5,60-65,651,384,0.5898617511520737,0.6198148268929051,-0.029953075740831392,0.5516580671943394,0.6270110949358612
polymarket,4,Q4 Mid-High,65,67.5,65-70,489,332,0.6789366053169734,0.6724576931008803,0.006478912216093091,0.6362978212665421,0.7187858405022697
polymarket,4,Q4 Mid-High,70,72.5,70-75,494,352,0.7125506072874493,0.720222691432912,-0.00767208414546261,0.671120973768605,0.7506999427638823
polymarket,4,Q4 Mid-High,75,77.5,75-80,450,338,0.7511111111111111,0.7703435817880812,-0.019232470676970093,0.709149351876217,0.7888217464100572
polymarket,4,Q4 Mid-High,80,82.5,80-85,467,382,0.8179871520342612,0.8218014943185468,-0.0038143422842855657,0.7804430396034265,0.8503423455452095
polymarket,4,Q4 Mid-High,85,87.5,85-90,342,287,0.8391812865497076,0.8725070423127839,-0.03332575576307628,0.7965127246336354,0.8743146136622781
polymarket,4,Q4 Mid-High,90,92.5,90-95,486,449,0.9238683127572016,0.9227476661118241,0.0011206466453774766,0.8968236519189845,0.9442645692529208
polymarket,4,Q4 Mid-High,95,97.5,95-100,13687,13624,0.9953970921312194,0.9928554285865832,0.0025416635446362523,0.9941157471323419,0.9964004239115185
polymarket,5,Q5 Highest,0,2.5,0-5,23276,64,0.002749613335624678,0.004526609780642834,-0.0017769964450181563,0.002154009528102008,0.003509327975019147
polymarket,5,Q5 Highest,5,7.5,5-10,808,69,0.0853960396039604,0.06960019082755117,0.01579584877640923,0.06803354649601709,0.106682309404937
polymarket,5,Q5 Highest,10,12.5,10-15,723,93,0.12863070539419086,0.12069276367606874,0.007937941718122121,0.10617511331034467,0.15501191836203074
polymarket,5,Q5 Highest,15,17.5,15-20,653,151,0.23124042879019907,0.17229850820055823,0.058941920589640845,0.20052970820571567,0.26509488073627585
polymarket,5,Q5 Highest,20,22.5,20-25,704,189,0.2684659090909091,0.22113300125456803,0.04733290783634109,0.23705082121908186,0.3023941619522944
polymarket,5,Q5 Highest,25,27.5,25-30,861,269,0.3124274099883856,0.2717669976233484,0.0406604123650372,0.28235910253205954,0.34416210088831245
polymarket,5,Q5 Highest,30,32.5,30-35,775,287,0.37032258064516127,0.3222873044498208,0.04803527619534048,0.3370420490235164,0.40488236795677834
polymarket,5,Q5 Highest,35,37.5,35-40,780,328,0.4205128205128205,0.3722280849479231,0.04828473556489743,0.3863418045483758,0.4554629682526596
polymarket,5,Q5 Highest,40,42.5,40-45,1256,565,0.4498407643312102,0.42470961835352083,0.02513114597768934,0.42252246239964664,0.47746496459117505
polymarket,5,Q5 Highest,45,47.5,45-50,1918,877,0.4572471324296142,0.4734988794375125,-0.01625174700789833,0.43505967824705144,0.4796055053976361
polymarket,5,Q5 Highest,50,52.5,50-55,2133,1063,0.49835911861228316,0.51897029936647,-0.02061118075418683,0.4771619848450471,0.519562152311399
polymarket,5,Q5 Highest,55,57.5,55-60,1031,558,0.5412221144519883,0.5700427888433787,-0.028820674391390355,0.5107082563769741,0.5714299181996952
polymarket,5,Q5 Highest,60,62.5,60-65,688,418,0.6075581395348837,0.6202075034085458,-0.012649363873662112,0.570569998105339,0.6433518013354577
polymarket,5,Q5 Highest,65,67.5,65-70,567,361,0.63668430335097,0.6713104818090592,-0.03462617845808913,0.5962987026821147,0.6752302118188607
polymarket,5,Q5 Highest,70,72.5,70-75,475,338,0.7115789473684211,0.7216299301382599,-0.010050982769838845,0.6692685380676936,0.7504944900401401
polymarket,5,Q5 Highest,75,77.5,75-80,418,312,0.7464114832535885,0.7695312319285513,-0.023119748674962803,0.7025889859460053,0.7857459720097772
polymarket,5,Q5 Highest,80,82.5,80-85,394,326,0.8274111675126904,0.8213747289657617,0.006036438546928702,0.7869816286774342,0.8615176735574251
polymarket,5,Q5 Highest,85,87.5,85-90,321,267,0.8317757009345794,0.8711036989085517,-0.03932799797397224,0.7869845513073701,0.8687196442143856
polymarket,5,Q5 Highest,90,92.5,90-95,375,334,0.8906666666666667,0.9237974056270677,-0.033130738960400974,0.8550324573602777,0.9183778544956538
polymarket,5,Q5 Highest,95,97.5,95-100,13242,13203,0.9970548255550521,0.9945868737804119,0.002467951774640209,0.9959766262663832,0.997844710084189
