category_group,category_mid,horizon_label,horizon_hours,freshness_filter,market_count,bucket_count,expected_calibration_error,signed_calibration_gap,low_tail_gap,high_tail_gap,baseline_market_count,retained_share
Crypto,Bitcoin,3d,72.0,all,1188,20,0.04345959595959598,0.008122895622895615,0.0055203619909502235,-0.05269005847953218,1188,1.0
Crypto,Bitcoin,1d,24.0,all,2783,20,0.025860582105641385,-0.01191879266978081,-0.012931442080378247,-0.00918859649122809,2783,1.0
Crypto,Bitcoin,1d,24.0,<=1h,1667,20,0.031175764847030586,-0.012807438512297537,-0.002352941176470587,-0.03382022471910113,2783,0.59899389148401
Crypto,Bitcoin,1d,24.0,<=6h,2031,20,0.024771048744460865,-0.00782373215164944,-0.006791277258566977,-0.008339483394833943,2783,0.7297879985627022
Crypto,Bitcoin,1d,24.0,<=24h,2289,20,0.024740061162079503,-0.010244648318042802,-0.009027181688125899,-0.007294117647058779,2783,0.8224937118217751
Crypto,Bitcoin,6h,6.0,all,11419,20,0.029622558893072956,-0.012899553375952354,-0.01688214426487978,0.017746126936531777,11419,1.0
Crypto,Bitcoin,6h,6.0,<=1h,5792,20,0.0247807320441989,-0.021010013812154695,-0.01872350230414747,-0.0010771113831089547,11419,0.5072248007706455
Crypto,Bitcoin,6h,6.0,<=6h,8729,20,0.024184900905029214,-0.014561805475999542,-0.014712298881919831,0.009922371206774876,11419,0.7644277082056222
Crypto,Bitcoin,6h,6.0,<=24h,11073,20,0.02790842590083989,-0.012805021222794173,-0.015984956291929253,0.017993730407523563,11419,0.9696996234346265
Crypto,Bitcoin,1h,1.0,all,12592,20,0.050438373570520965,-0.016124523506988547,-0.04009054163298302,0.04189816418427438,12592,1.0
Crypto,Bitcoin,1h,1.0,<=1h,5392,20,0.033642433234421364,-0.011750741839762616,-0.033990338164251205,0.01670212765957445,12592,0.42820838627700125
Crypto,Bitcoin,1h,1.0,<=6h,9787,20,0.045546132624910585,-0.015128231327270881,-0.03837097127822846,0.035862224223322754,12592,0.7772395171537484
Crypto,Bitcoin,1h,1.0,<=24h,12247,20,0.049554993059524786,-0.016364824038540053,-0.039986702127659576,0.041196001428061395,12592,0.9726016518424396
Crypto,Ethereum,6h,6.0,all,4987,20,0.030647683978343693,-0.022398235412071376,-0.0017986067131095607,0.005690515806988356,4987,1.0
Crypto,Ethereum,6h,6.0,<=1h,2335,20,0.033507494646680944,-0.023374732334047115,-0.009894736842105267,0.01078853046594982,4987,0.4682173651493884
Crypto,Ethereum,6h,6.0,<=6h,3961,20,0.027275940419086094,-0.019535470840696793,-0.006356783919597989,0.006491596638655456,4987,0.7942650892320032
Crypto,Ethereum,6h,6.0,<=24h,4969,20,0.030800965989132626,-0.022501509358019717,-0.0016368286445012801,0.0054090150250417305,4987,0.9963906156005614
Crypto,Ethereum,1h,1.0,all,5812,20,0.06234858912594632,-0.026305918788713006,-0.03961751152073733,0.04250749250749249,5812,1.0
Crypto,Ethereum,1h,1.0,<=1h,2288,20,0.045952797202797206,-0.01131993006993007,-0.03014771048744461,0.024352617079889807,5812,0.3936682725395733
Crypto,Ethereum,1h,1.0,<=6h,4623,20,0.061524983776768336,-0.02412935323383085,-0.04099567099567099,0.0421135265700483,5812,0.7954232622161046
Crypto,Ethereum,1h,1.0,<=24h,5796,20,0.062408557625948935,-0.026400966183574875,-0.03973574408901252,0.04241241241241243,5812,0.9972470750172058
Crypto,Other Crypto,6h,6.0,all,3327,20,0.0375834084761046,-0.005229936880072134,0.045952380952380946,-0.023573667711598717,3327,1.0
Crypto,Other Crypto,6h,6.0,<=1h,1049,20,0.03943755958055291,0.0028312678741658557,0.015000000000000001,0.03243589743589736,3327,0.3152990682296363
Crypto,Other Crypto,6h,6.0,<=6h,2174,20,0.034259429622815085,-0.007203311867525309,0.017332015810276685,-0.021775147928994102,3327,0.6534415389239555
Crypto,Other Crypto,6h,6.0,<=24h,3295,20,0.03672534142640365,-0.00600000000000001,0.04552564102564102,-0.025096153846153893,3327,0.9903817252780283
Crypto,Other Crypto,1h,1.0,all,4077,20,0.048712288447387786,-0.01923963698798136,0.0044397993311036795,6.956521739132758e-05,4077,1.0
Crypto,Other Crypto,1h,1.0,<=1h,1401,20,0.03506780870806569,-0.005745895788722355,-0.023125,-0.025219780219780268,4077,0.34363502575423105
Crypto,Other Crypto,1h,1.0,<=6h,3057,20,0.04175335296041872,-0.018495256787700354,-0.0019134396355353189,-0.008110047846889932,4077,0.7498160412067697
Crypto,Other Crypto,1h,1.0,<=24h,4043,20,0.04900074202325006,-0.020012367054167705,0.003522920203735145,-0.0006537102473498345,4077,0.9916605347068923
Entertainment,Awards,30d,720.0,all,1003,20,0.038703888334995024,-0.029192422731804595,-0.015045317220543808,0.046222222222222206,1003,1.0
Entertainment,Awards,7d,168.0,all,1373,20,0.03691915513474144,-0.025950473415877643,-0.02434640522875817,0.03452054794520549,1373,1.0
Entertainment,Awards,3d,72.0,all,1606,20,0.037683686176836866,-0.0288293897882939,-0.020830223880597014,-0.0011494252873563025,1606,1.0
Entertainment,Awards,1d,24.0,all,1749,20,0.04436249285305889,-0.03355631789594054,-0.02343722943722944,0.031018518518518497,1749,1.0
Entertainment,Awards,6h,6.0,all,1859,20,0.04637439483593329,-0.03966110812264658,-0.025810055865921784,-0.023096774193548403,1859,1.0
Entertainment,Awards,6h,6.0,<=24h,1126,20,0.053197158081705165,-0.04346358792184724,-0.024506828528072837,-0.03098591549295776,1859,0.6057019903173749
Entertainment,Awards,1h,1.0,all,1884,20,0.04686836518046708,-0.039745222929936305,-0.023695987654320988,-0.02484042553191491,1884,1.0
Entertainment,Awards,1h,1.0,<=24h,1207,20,0.05253521126760563,-0.042924606462303234,-0.019230769230769232,-0.030738636363636405,1884,0.6406581740976646
Entertainment,Movies,7d,168.0,all,1086,20,0.04666666666666666,-0.03981583793738488,-0.023835616438356168,-0.002404692082111359,1086,1.0
Entertainment,Movies,3d,72.0,all,1380,20,0.031159420289855067,0.005449275362318833,-0.013115318416523237,0.016338289962825263,1380,1.0
Entertainment,Movies,3d,72.0,<=24h,1008,20,0.03560515873015872,0.010763888888888887,-0.00941176470588235,0.018970189701897004,1380,0.7304347826086957
Entertainment,Movies,1d,24.0,all,1460,20,0.02592465753424657,-0.005554794520547945,-0.01883582089552239,0.015240310077519378,1460,1.0
Entertainment,Movies,6h,6.0,all,1493,20,0.023369055592766242,0.003945077026121906,-0.013831775700934579,0.019356725146198836,1493,1.0
Entertainment,Movies,1h,1.0,all,1495,18,0.022615384615384565,0.0017056856187290458,-0.017555847568988172,0.01889526542324236,1495,1.0
Entertainment,Music,1d,24.0,all,1003,20,0.043818544366899304,-0.023220338983050853,-0.02646058732612056,0.0293478260869565,1003,1.0
Entertainment,Music,6h,6.0,all,1032,19,0.033294573643410846,-0.016027131782945746,-0.02181179775280899,0.02142307692307689,1032,1.0
Entertainment,Music,1h,1.0,all,1035,17,0.030734299516908196,-0.012995169082125613,-0.022912087912087913,0.027566539923954327,1035,1.0
Entertainment,Other Entertainment,6h,6.0,all,1243,20,0.02468222043443282,-0.014625905068382945,-0.0031424148606811163,-0.0145219638242894,1243,1.0
Entertainment,Other Entertainment,6h,6.0,<=24h,1145,20,0.025510917030567667,-0.013021834061135355,0.0005366726296958842,-0.014817708333333282,1243,0.9211584875301689
Entertainment,Other Entertainment,1h,1.0,all,1253,20,0.024126097366320827,-0.01292098962490024,-0.019095966620305983,-0.0013636363636363622,1253,1.0
Entertainment,Other Entertainment,1h,1.0,<=24h,1151,20,0.022945264986967848,-0.011112076455256295,-0.01821371610845295,-0.0014155251141552453,1253,0.9185953711093376
Entertainment,Spotify,1d,24.0,all,1764,20,0.028373015873015862,-0.012658730158730156,-0.006631823461091754,-0.022515090543259536,1764,1.0
Entertainment,Spotify,1d,24.0,<=24h,1333,20,0.04102025506376595,-0.014118529632408108,-0.0016643356643356623,-0.05460481099656363,1764,0.7556689342403629
Entertainment,Spotify,6h,6.0,all,3398,20,0.01828428487345497,-0.013487345497351385,-0.0055028660760812935,-0.004746696035242301,3398,1.0
Entertainment,Spotify,6h,6.0,<=1h,1134,20,0.03541446208112875,-0.018130511463844794,0.00919230769230769,-0.015974025974025984,3398,0.3337257210123602
Entertainment,Spotify,6h,6.0,<=6h,2234,20,0.023325872873769013,-0.012967770814682167,0.0025864909390444835,-0.01459219858156025,3398,0.657445556209535
Entertainment,Spotify,6h,6.0,<=24h,2898,20,0.018844030365769475,-0.013253968253968238,-0.0025279247501469723,-0.014191702432045697,3398,0.8528546203649205
Entertainment,Spotify,1h,1.0,all,3612,20,0.015299003322259124,-0.012735326688815047,-0.005990543735224585,-0.00860392967942085,3612,1.0
Entertainment,Spotify,1h,1.0,<=1h,1246,20,0.032656500802568225,-0.012158908507223128,0.012859560067681894,-0.03579250720461099,3612,0.3449612403100775
Entertainment,Spotify,1h,1.0,<=6h,2210,20,0.0227285067873303,-0.009325791855203606,0.005793780687397708,-0.02371929824561398,3612,0.6118493909191584
Entertainment,Spotify,1h,1.0,<=24h,3084,20,0.014348249027237346,-0.012046044098573273,-0.0028250401284109147,-0.01826948480845441,3612,0.8538205980066446
Finance,Bonds,6h,6.0,all,1912,20,0.037180962343096244,8.891213389121243e-05,0.004847020933977456,-0.3720967741935484,1912,1.0
Finance,Bonds,6h,6.0,<=24h,1455,20,0.04056357388316151,0.016384879725085906,0.013305978898007033,-0.3346875,1912,0.7609832635983264
Finance,Bonds,1h,1.0,all,2300,20,0.05889130434782608,-0.033613043478260864,-0.03158544955387783,-0.285974025974026,2300,1.0
Finance,Bonds,1h,1.0,<=6h,1462,20,0.06393980848153215,-0.019562243502051983,-0.043333333333333335,0.003999999999999927,2300,0.6356521739130435
Finance,Bonds,1h,1.0,<=24h,1864,20,0.058841201716738206,-0.02403433476394849,-0.031109057301293902,-0.18104166666666657,2300,0.8104347826086956
Finance,Commodities,1d,24.0,all,1224,20,0.027851307189542474,0.005808823529411755,0.009101978691019788,0.016631944444444394,1224,1.0
Finance,Commodities,6h,6.0,all,2124,20,0.021299435028248596,0.01233521657250471,0.009884169884169878,0.01710097719869713,2124,1.0
Finance,Commodities,6h,6.0,<=24h,1626,20,0.026537515375153756,0.013056580565805654,0.015172890733056707,0.01448863636363638,2124,0.7655367231638418
Finance,Commodities,1h,1.0,all,2752,20,0.053183139534883746,-0.02732558139534884,-0.03909422936449964,-0.00533333333333342,2752,1.0
Finance,Commodities,1h,1.0,<=1h,1188,20,0.05955387205387205,-0.005530303030303026,-0.02827160493827161,-0.031044776119402966,2752,0.4316860465116279
Finance,Commodities,1h,1.0,<=6h,2132,20,0.0628658536585366,-0.030492495309568483,-0.04098078867542973,-0.036778523489933,2752,0.7747093023255814
Finance,Commodities,1h,1.0,<=24h,2363,20,0.06005078290308928,-0.031146847228099864,-0.04206167400881058,-0.027835051546391664,2752,0.8586482558139535
Finance,Economic Indicators,30d,720.0,all,1198,20,0.04086811352253757,-0.0041569282136894765,0.016876971608832805,0.008474576271186437,1198,1.0
Finance,Economic Indicators,7d,168.0,all,1939,20,0.029149045899948423,0.00018566271273850457,-0.004503311258278146,0.01690355329949233,1939,1.0
Finance,Economic Indicators,3d,72.0,all,1986,20,0.030226586102719007,-0.007366565961732145,0.006628849270664506,0.009278846153846089,1986,1.0
Finance,Economic Indicators,1d,24.0,all,2005,20,0.02278304239401497,-0.005296758104738155,0.0009191759112519776,0.004727838258164841,2005,1.0
Finance,Economic Indicators,1d,24.0,<=24h,1141,20,0.039851007887817716,-0.024951796669588088,-0.019685314685314693,-0.020622950819672168,2005,0.569077306733167
Finance,Economic Indicators,6h,6.0,all,2040,20,0.01564215686274509,-0.0022500000000000024,-0.00019145802650957368,0.008411497730711025,2040,1.0
Finance,Economic Indicators,6h,6.0,<=24h,1427,20,0.023861247372109318,-0.011317449194113517,-0.01146987951807229,0.0022033898305084828,2040,0.6995098039215686
Finance,Economic Indicators,1h,1.0,all,2040,20,0.01670588235294117,-0.0041274509803921455,-0.000504451038575665,0.0048798798798799035,2040,1.0
Finance,Economic Indicators,1h,1.0,<=24h,1428,20,0.025182072829131638,-0.013935574229691898,-0.01288834951456311,-0.0033812949640288177,2040,0.7
Finance,Forex,6h,6.0,all,3146,20,0.051471710108073734,0.01805149396058486,0.02889248704663212,-0.33252100840336135,3146,1.0
Finance,Forex,6h,6.0,<=6h,1589,20,0.0305412208936438,0.007432347388294515,0.0016946564885496178,-0.16318181818181818,3146,0.5050858232676414
Finance,Forex,6h,6.0,<=24h,3070,20,0.04949511400651467,0.021332247557003255,0.030449061662198393,-0.28719626168224305,3146,0.9758423394787031
Finance,Forex,1h,1.0,all,5094,20,0.044218688653317635,-0.011442873969375735,-0.010383428823270162,-0.09694444444444439,5094,1.0
Finance,Forex,1h,1.0,<=1h,2794,20,0.029831782390837513,0.005658554044380823,-0.013354430379746835,-0.003066037735849073,5094,0.5484884177463683
Finance,Forex,1h,1.0,<=6h,3790,20,0.04230343007915568,-0.007432717678100258,-0.01594038325053229,-0.05067055393586004,5094,0.7440125638005497
Finance,Forex,1h,1.0,<=24h,5036,20,0.04229944400317713,-0.008955520254169975,-0.009897045658012532,-0.0745083932853717,5094,0.9886140557518649
Finance,NASDAQ,3d,72.0,all,1295,14,0.02369884169884169,-0.002803088803088803,0.004198275862068964,-0.31666666666666665,1295,1.0
Finance,NASDAQ,1d,24.0,all,2460,20,0.019390243902439035,0.008162601626016262,0.00764462809917356,-0.011044776119403068,2460,1.0
Finance,NASDAQ,1d,24.0,<=24h,1334,20,0.023448275862068962,0.001904047976011994,0.006814903846153846,-0.01857142857142862,2460,0.5422764227642276
Finance,NASDAQ,6h,6.0,all,9918,20,0.015123008671103054,0.005163339382940121,0.0033786944503508445,-0.006566147859922155,9918,1.0
Finance,NASDAQ,6h,6.0,<=1h,7689,20,0.014801664715827792,0.006431265444140978,0.00692672141503474,-0.015736040609137036,9918,0.7752571082879612
Finance,NASDAQ,6h,6.0,<=6h,8596,20,0.014705677059097257,0.008016519311307585,0.006773841961852862,-0.00852459016393441,9918,0.8667069973785038
Finance,NASDAQ,6h,6.0,<=24h,9307,20,0.01595895562479854,0.006166326420973452,0.004698824094072475,-0.007973921765295953,9918,0.9383948376688849
Finance,NASDAQ,1h,1.0,all,11537,20,0.02421080003467105,-0.006022362832625479,-0.01664678899082569,0.018022738507167513,11537,1.0
Finance,NASDAQ,1h,1.0,<=1h,6297,20,0.022856915991742093,-0.0029903128473876463,-0.010055478502080445,-0.0003440621531631526,11537,0.545809135823871
Finance,NASDAQ,1h,1.0,<=6h,10484,20,0.023206791301030136,-0.005244181610072492,-0.015589680589680589,0.016620689655172417,11537,0.9087284389355985
Finance,NASDAQ,1h,1.0,<=24h,11006,20,0.023776122115209887,-0.005220788660730507,-0.01583237089589177,0.017660642570281156,11537,0.9539741700615412
Finance,S&P 500,3d,72.0,all,1647,18,0.02862780813600485,-0.007170613236187007,0.004049323786793955,0.04923076923076924,1647,1.0
Finance,S&P 500,3d,72.0,<=24h,1147,18,0.02701830863121186,-0.012789886660854401,-0.0022128174123337337,0.04999999999999998,1647,0.6964177292046144
Finance,S&P 500,1d,24.0,all,3072,20,0.018994140625,-0.004169921875000003,-0.011903526970954358,-0.008740740740740764,3072,1.0
Finance,S&P 500,1d,24.0,<=6h,1336,20,0.016347305389221554,-0.0010179640718562897,-0.002914438502673793,-0.018888888888888913,3072,0.4348958333333333
Finance,S&P 500,1d,24.0,<=24h,1857,20,0.01407646742057081,-0.001777059773828754,-0.0034608208955223875,-0.05104166666666667,3072,0.6044921875
Finance,S&P 500,6h,6.0,all,10958,20,0.012326154407738654,-0.002032305165176126,-0.00669927607121894,0.004746835443037967,10958,1.0
Finance,S&P 500,6h,6.0,<=1h,8339,20,0.010426909701403045,-0.0006391653675500615,-0.0012499999999999983,-0.004347826086956486,10958,0.7609965322139076
Finance,S&P 500,6h,6.0,<=6h,9302,20,0.010667598365942816,-0.00036228768006881033,-0.002861979166666665,0.003241206030150707,10958,0.8488775323964227
Finance,S&P 500,6h,6.0,<=24h,10238,20,0.010805821449501856,-0.00020414143387379764,-0.003314056939501777,0.0037344093910492097,10958,0.9342945793027925
Finance,S&P 500,1h,1.0,all,11982,20,0.024219662827574703,-0.00943081288599565,-0.01695702336313816,0.02009105960264906,11982,1.0
Finance,S&P 500,1h,1.0,<=1h,6596,20,0.020742874469375377,-0.007647058823529408,-0.00979215554810593,0.010861774744027337,11982,0.5504924052745785
Finance,S&P 500,1h,1.0,<=6h,10574,20,0.02379421221864952,-0.008882163797995071,-0.015914791272977152,0.020064308681672055,11982,0.8824904022700718
Finance,S&P 500,1h,1.0,<=24h,11305,20,0.023491375497567444,-0.008243255196815569,-0.01561256709820019,0.020097210481825854,11982,0.9434985812051411
Sports,Golf,3d,72.0,all,2977,18,0.014098085320792741,-0.0073328854551561965,-0.007921171956749216,0.07499999999999998,2977,1.0
Sports,Golf,3d,72.0,<=6h,1771,18,0.015974025974025974,-0.005110107284020325,-0.00600830367734282,0.07499999999999998,2977,0.5948941887806517
Sports,Golf,3d,72.0,<=24h,2630,18,0.013756653992395437,-0.0071787072243346016,-0.007347585114806018,0.07499999999999998,2977,0.8834397044004031
Sports,Golf,1d,24.0,all,3333,20,0.019774977497749775,-0.012760276027602761,-0.013703824779339652,-0.03750000000000004,3333,1.0
Sports,Golf,1d,24.0,<=6h,1044,20,0.033955938697318014,-0.010986590038314176,-0.01899769585253456,-0.012857142857142853,3333,0.3132313231323132
Sports,Golf,1d,24.0,<=24h,1649,20,0.028053365676167372,-0.015112189205579142,-0.015239456754824875,0.012631578947368374,3333,0.49474947494749477
Sports,Golf,6h,6.0,all,3465,20,0.020516594516594513,-0.012909090909090905,-0.01378812199036918,0.0427027027027027,3465,1.0
Sports,Golf,6h,6.0,<=24h,1491,20,0.0308316566063045,-0.013474178403755869,-0.015498699045967044,0.04361111111111107,3465,0.4303030303030303
Sports,Golf,1h,1.0,all,3506,20,0.020253850541928128,-0.015519110096976608,-0.014274143302180686,0.02000000000000008,3506,1.0
Sports,Golf,1h,1.0,<=6h,1090,20,0.034211009174311934,-0.019532110091743122,-0.016790123456790124,0.020666666666666677,3506,0.31089560752994866
Sports,Golf,1h,1.0,<=24h,1427,20,0.03033637000700771,-0.019011913104414854,-0.016927129060579457,0.020421052631579,3506,0.4070165430690245
Sports,MLB,6h,6.0,all,5460,20,0.028514652014652003,-0.004752747252747249,0.002187500000000002,-0.004255319148936179,5460,1.0
Sports,MLB,6h,6.0,<=1h,4740,20,0.031873417721518985,-0.006198312236286911,-0.0034615384615384647,-0.01645161290322578,5460,0.8681318681318682
Sports,MLB,6h,6.0,<=6h,5075,20,0.030803940886699483,-0.003804926108374377,0.027368421052631584,-0.003636363636363599,5460,0.9294871794871795
Sports,MLB,6h,6.0,<=24h,5152,20,0.030527950310558997,-0.003552018633540371,0.03510638297872341,-0.016736842105263185,5460,0.9435897435897436
Sports,MLB,1h,1.0,all,5612,20,0.02254098360655737,-0.008734853884533149,-0.0158475073313783,0.014029850746268637,5612,1.0
Sports,MLB,1h,1.0,<=1h,5128,20,0.021037441497659903,-0.0061310452418096816,-0.014402017291066284,0.015040590405904029,5612,0.9137562366357804
Sports,MLB,1h,1.0,<=6h,5270,20,0.02251612903225806,-0.007688804554079696,-0.015378787878787884,0.015331432644333575,5612,0.9390591589451176
Sports,MLB,1h,1.0,<=24h,5330,20,0.022300187617260787,-0.008071294559099435,-0.015386702849389422,0.013967921896792202,5612,0.9497505345687812
Sports,NBA,1d,24.0,all,1990,20,0.03307537688442212,-0.01284422110552765,-0.002857142857142858,-0.024652406417112364,1990,1.0
Sports,NBA,1d,24.0,<=1h,1340,20,0.041932835820895534,-0.011499999999999991,-0.0001449275362318858,0.013913043478260926,1990,0.6733668341708543
Sports,NBA,1d,24.0,<=6h,1693,20,0.03865918487891319,-0.013319551092734801,0.0318348623853211,-0.03972413793103452,1990,0.8507537688442212
Sports,NBA,1d,24.0,<=24h,1774,20,0.03691093573844419,-0.013235625704622323,0.021985294117647058,-0.03955414012738855,1990,0.8914572864321608
Sports,NBA,6h,6.0,all,6400,20,0.016596875,-0.011950000000000006,-0.016883910386965375,-0.01677966101694914,6400,1.0
Sports,NBA,6h,6.0,<=1h,3584,20,0.022619977678571445,-0.008540736607142862,-0.038288590604026854,0.027042253521126765,6400,0.56
Sports,NBA,6h,6.0,<=6h,5731,20,0.017068574419822017,-0.011055662188099799,-0.02651933701657458,-0.009561403508771901,6400,0.89546875
Sports,NBA,6h,6.0,<=24h,6234,20,0.01673564324671158,-0.012327558549887721,-0.015944380069524918,-0.017236363636363623,6400,0.9740625
Sports,NBA,1h,1.0,all,10332,20,0.036310491676345334,-0.024957413859852895,-0.007549599721545422,-0.007266143633071853,10332,1.0
Sports,NBA,1h,1.0,<=1h,6586,20,0.02589128454296995,-0.004791982994230187,0.013395721925133691,-0.003278805120910453,10332,0.6374370886566009
Sports,NBA,1h,1.0,<=6h,9468,20,0.03675116180819602,-0.024288128432615113,-0.00336889618383258,-0.007431761786600444,10332,0.9163763066202091
Sports,NBA,1h,1.0,<=24h,10201,20,0.03686109204979903,-0.02522105675914126,-0.007131502890173411,-0.007614120511259858,10332,0.9873209446380178
Sports,NCAA Basketball,1d,24.0,all,1780,20,0.03813483146067414,-0.025033707865168515,-0.019957686882933708,-0.007895878524945681,1780,1.0
Sports,NCAA Basketball,1d,24.0,<=6h,1272,20,0.03448899371069181,-0.01977201257861635,-0.013542234332425072,-0.011092436974789902,1780,0.7146067415730337
Sports,NCAA Basketball,1d,24.0,<=24h,1431,20,0.036680642907058,-0.02087351502445842,-0.016666666666666666,-0.008755760368663573,1780,0.803932584269663
Sports,NCAA Basketball,6h,6.0,all,4098,20,0.024858467545143956,-0.022276720351390923,-0.004899408284023668,-0.0244166666666666,4098,1.0
Sports,NCAA Basketball,6h,6.0,<=1h,2277,20,0.03188844971453668,-0.01981115502854632,-0.007240618101545255,0.0006133333333333777,4098,0.5556368960468521
Sports,NCAA Basketball,6h,6.0,<=6h,3460,20,0.026650289017341042,-0.018893063583815022,-0.004156862745098035,-0.009227871939736391,4098,0.8443142996583699
Sports,NCAA Basketball,6h,6.0,<=24h,3766,20,0.027124269782262338,-0.020305363781200205,0.006037383177570098,-0.023038397328881403,4098,0.9189848706686189
Sports,NCAA Basketball,1h,1.0,all,9512,20,0.019387089991589574,-0.008661690496215308,0.008493535694210231,-0.01684012324546389,9512,1.0
Sports,NCAA Basketball,1h,1.0,<=1h,7300,20,0.017478082191780816,-0.00653561643835616,0.0075289706884798906,-0.011782642689601238,9512,0.7674516400336417
Sports,NCAA Basketball,1h,1.0,<=6h,8974,20,0.018997102741252526,-0.005391129930911538,0.010881713753492703,-0.014012495661228787,9512,0.9434398654331371
Sports,NCAA Basketball,1h,1.0,<=24h,9179,20,0.020381305153066777,-0.007360278897483391,0.011579919926085615,-0.016554794520547957,9512,0.9649915895710681
Sports,NCAA Football,7d,168.0,all,1331,20,0.04296018031555222,-0.03436513899323819,-0.0580891719745223,-0.005912408759124161,1331,1.0
Sports,NCAA Football,7d,168.0,<=24h,1132,20,0.045918727915194336,-0.032049469964664325,-0.05467625899280577,-0.010999999999999989,1331,0.850488354620586
Sports,NCAA Football,3d,72.0,all,2855,20,0.02376182136602452,-0.007117338003502639,-0.02028268551236749,-0.005474006116207969,2855,1.0
Sports,NCAA Football,3d,72.0,<=1h,1047,20,0.02978987583572109,-0.001041069723018167,-0.014358974358974362,0.027570093457943867,2855,0.3667250437828371
Sports,NCAA Football,3d,72.0,<=6h,1852,20,0.030539956803455733,-0.0037257019438444966,-0.02242290748898679,0.012038834951456317,2855,0.6486865148861646
Sports,NCAA Football,3d,72.0,<=24h,2411,20,0.027055163832434663,-0.002700124429697241,-0.024763779527559055,0.021322957198443595,2855,0.8444833625218914
Sports,NCAA Football,1d,24.0,all,5808,20,0.018595041322314067,0.0006542699724517903,0.00429411764705883,-0.023913043478260922,5808,1.0
Sports,NCAA Football,1d,24.0,<=1h,2175,20,0.025108045977011505,0.0018896551724137847,-0.015545851528384282,0.02508021390374339,5808,0.3744834710743802
Sports,NCAA Football,1d,24.0,<=6h,3710,20,0.019512129380053905,0.008309973045822108,-0.0018965517241379289,-0.00028368794326245883,5808,0.6387741046831956
Sports,NCAA Football,1d,24.0,<=24h,4891,20,0.01592107953383765,0.003154774074831319,-0.0038511326860841406,-0.005935483870967742,5808,0.8421143250688705
Sports,NCAA Football,6h,6.0,all,10507,20,0.013419625011896804,-0.005238412486913465,0.018565217391304345,-0.017728337236533952,10507,1.0
Sports,NCAA Football,6h,6.0,<=1h,5841,20,0.018063687724704684,-0.008311932888204072,0.011290322580645157,-0.007072368421052662,10507,0.5559151042162368
Sports,NCAA Football,6h,6.0,<=6h,8820,20,0.016490929705215398,-0.006919501133786835,0.015271317829457372,-0.017249357326478146,10507,0.8394403730846103
Sports,NCAA Football,6h,6.0,<=24h,10048,20,0.0130533439490446,-0.005511544585987271,0.02064732142857143,-0.010772946859903406,10507,0.9563148377272295
Sports,NCAA Football,1h,1.0,all,14784,20,0.0360639880952381,-0.03449066558441557,-0.004168073532170323,-0.006164358264081247,14784,1.0
Sports,NCAA Football,1h,1.0,<=1h,11493,20,0.023705733924997825,-0.020333246323849294,-0.002935903182429402,-0.0072324055216112185,14784,0.7773944805194806
Sports,NCAA Football,1h,1.0,<=6h,14601,20,0.0352523799739744,-0.03362372440243817,-0.00405639097744361,-0.006090253375254254,14784,0.9876217532467533
Sports,NCAA Football,1h,1.0,<=24h,14742,20,0.03581874915208248,-0.03423823090489757,-0.00415133308298911,-0.006046210720887255,14784,0.9971590909090909
Sports,NFL,3d,72.0,all,15842,20,0.011406388082312837,0.0021057947228885197,0.006956963053187168,0.0025837320574162576,15842,1.0
Sports,NFL,3d,72.0,<=1h,1356,20,0.03460176991150442,-0.029719764011799408,-0.013798449612403098,0.06433333333333334,15842,0.08559525312460547
Sports,NFL,3d,72.0,<=6h,4001,20,0.01507623094226444,-0.008957760559860035,-0.003663086489542113,0.010937500000000079,15842,0.252556495391996
Sports,NFL,3d,72.0,<=24h,8802,20,0.013696887071120201,0.002588048170870251,0.008113879003558717,0.009565217391304264,15842,0.5556116651937887
Sports,NFL,1d,24.0,all,63284,20,0.010404051577017884,-0.009864262688831298,-0.0034821214302855775,-0.017847682119205285,63284,1.0
Sports,NFL,1d,24.0,<=1h,6816,20,0.029088908450704214,-0.02682365023474178,-0.015371530886302593,-0.024935064935064914,63284,0.10770494911826053
Sports,NFL,1d,24.0,<=6h,21965,20,0.022295014796266787,-0.02195538356476212,-0.01288870884584223,-0.014154929577464757,63284,0.34708615131786863
Sports,NFL,1d,24.0,<=24h,42430,20,0.015291303323120429,-0.015291303323120429,-0.006901355292503004,-0.026820512820512878,63284,0.6704696289741483
Sports,NFL,6h,6.0,all,164194,20,0.015508910191602615,-0.015508910191602615,-0.009615041924551718,-0.022224334600760405,164194,1.0
Sports,NFL,6h,6.0,<=1h,27412,20,0.02964942361009777,-0.02964942361009777,-0.02071553119940217,-0.04461538461538462,164194,0.1669488531858655
Sports,NFL,6h,6.0,<=6h,71147,20,0.020908963132668983,-0.020908963132668983,-0.013852256955233773,-0.04238907849829357,164194,0.43331059600229
Sports,NFL,6h,6.0,<=24h,130701,20,0.02000688594578465,-0.02000688594578465,-0.013340639798176143,-0.02651658767772513,164194,0.7960156887584199
Sports,NFL,1h,1.0,all,237526,20,0.021512129198487745,-0.021512129198487745,-0.012792399475453718,-0.03341034897713598,237526,1.0
Sports,NFL,1h,1.0,<=1h,15928,20,0.016024610748367644,-0.007790055248618772,-0.007375737704918032,-0.0211878065872459,237526,0.06705792208010912
Sports,NFL,1h,1.0,<=6h,116191,20,0.030935356438966874,-0.030935356438966874,-0.01859597429368255,-0.035659509202453955,237526,0.48917171172840024
Sports,NFL,1h,1.0,<=24h,196867,20,0.025894436345349908,-0.025894436345349908,-0.015953068374407995,-0.03484340320591865,237526,0.8288229499086416
Sports,NHL,1d,24.0,all,1247,20,0.036615878107457915,-0.011435445068163606,0.014931506849315072,-0.12658536585365854,1247,1.0
Sports,NHL,1d,24.0,<=6h,1106,20,0.03049728752260399,-0.009159132007233301,-0.07785714285714285,0.0064285714285714345,1247,0.8869286287089013
Sports,NHL,1d,24.0,<=24h,1184,20,0.0378293918918919,-0.01210304054054054,0.030799999999999998,-0.19851851851851854,1247,0.9494787489975942
Sports,NHL,6h,6.0,all,2419,20,0.02774700289375774,-0.01364200082678793,0.0055102040816326515,0.007474747474747453,2419,1.0
Sports,NHL,6h,6.0,<=1h,1609,20,0.02994406463642014,-0.008328154133001893,0.08588235294117648,0.015263157894736914,2419,0.6651508887970236
Sports,NHL,6h,6.0,<=6h,2178,20,0.030679522497704313,-0.01633608815426997,0.029736842105263162,0.021159420289854996,2419,0.9003720545680033
Sports,NHL,6h,6.0,<=24h,2361,20,0.028322744599745868,-0.013346039813638287,0.02551020408163265,0.00591397849462364,2419,0.9760231500620091
Sports,NHL,1h,1.0,all,3143,20,0.027760101813553897,-0.017419662742602576,0.013240165631469979,-0.01425364758698078,3143,1.0
Sports,NHL,1h,1.0,<=1h,2735,20,0.023974405850091394,-0.010117001828153558,0.009182692307692308,-0.010051813471502564,3143,0.8701877187400573
Sports,NHL,1h,1.0,<=6h,3058,20,0.028629823413996093,-0.01643230869849576,0.015231277533039652,-0.013584474885844784,3143,0.9729557747375119
Sports,NHL,1h,1.0,<=24h,3097,20,0.02839199225056508,-0.01747174685179207,0.014603691639522258,-0.0142921348314607,3143,0.9853643016226535
Sports,Racing,6h,6.0,all,1019,20,0.03303238469087341,-0.015839057899901865,-0.014665885111371627,-0.010816326530612286,1019,1.0
Sports,Racing,1h,1.0,all,1039,14,0.021915303176130906,-0.020163618864292576,-0.017956043956043957,-0.0012244897959182302,1039,1.0
Sports,Soccer,3d,72.0,all,2190,20,0.022684931506849314,-0.013963470319634701,-0.03494117647058823,0.030833333333333317,2190,1.0
Sports,Soccer,3d,72.0,<=6h,1077,20,0.03259052924791086,-0.0058124419684308275,-0.06583333333333334,0.05565217391304346,2190,0.4917808219178082
Sports,Soccer,3d,72.0,<=24h,1669,20,0.029832234871180356,-0.010766926303175557,-0.050548780487804874,0.06103448275862067,2190,0.7621004566210046
Sports,Soccer,1d,24.0,all,3358,20,0.031754020250148896,-0.015160810005955925,-0.031090909090909096,-0.04931034482758618,3358,1.0
Sports,Soccer,1d,24.0,<=1h,1222,20,0.034869067103109656,-0.012004909983633393,-0.03391608391608392,0.04894736842105264,3358,0.36390708755211437
Sports,Soccer,1d,24.0,<=6h,2199,20,0.02716689404274671,-0.003483401546157349,-0.03984063745019921,0.007750000000000012,3358,0.6548540798094103
Sports,Soccer,1d,24.0,<=24h,2861,20,0.0282069206571129,-0.007151345683327514,-0.03429967426710099,-0.02714285714285717,3358,0.8519952352590828
Sports,Soccer,6h,6.0,all,4080,20,0.01730882352941177,-0.008308823529411766,-0.021623931623931628,-0.02294117647058819,4080,1.0
Sports,Soccer,6h,6.0,<=1h,2727,20,0.023289328932893295,-0.010381371470480386,-0.01303135888501742,-0.013396226415094355,4080,0.6683823529411764
Sports,Soccer,6h,6.0,<=6h,3757,20,0.018376364120308766,-0.009337237157306359,-0.025386666666666675,-0.004057971014492695,4080,0.9208333333333333
Sports,Soccer,6h,6.0,<=24h,3975,20,0.016835220125786175,-0.007884276729559754,-0.022579852579852584,-0.014415584415584432,4080,0.9742647058823529
Sports,Soccer,1h,1.0,all,4264,20,0.01693480300187616,-0.011540806754221386,-0.001408132530120477,-0.004407158836689018,4264,1.0
Sports,Soccer,1h,1.0,<=1h,4050,20,0.017955555555555554,-0.01084938271604939,0.0005494505494505503,-0.0009761904761905262,4264,0.949812382739212
Sports,Soccer,1h,1.0,<=6h,4170,20,0.016793764988009593,-0.011172661870503609,-0.0005426975259377498,-0.0028082191780822545,4264,0.9779549718574109
Sports,Soccer,1h,1.0,<=24h,4197,20,0.01713366690493209,-0.011620204908267815,-0.000827423167848697,-0.004684684684684704,4264,0.9842870544090057
Sports,Tennis,1d,24.0,all,2126,20,0.03985888993414865,-0.015155221072436496,-0.002596153846153847,-0.07597156398104266,2126,1.0
Sports,Tennis,1d,24.0,<=6h,1317,20,0.053211845102505706,-0.020030372057706903,0.016666666666666663,-0.06400000000000003,2126,0.6194731890874883
Sports,Tennis,1d,24.0,<=24h,1742,20,0.0463719862227325,-0.016613088404133187,0.009617486338797816,-0.08107317073170738,2126,0.819379115710254
Sports,Tennis,6h,6.0,all,5888,20,0.023758491847826083,-0.012471127717391301,-0.008794416243654825,-0.024440227703984827,5888,1.0
Sports,Tennis,6h,6.0,<=1h,3688,20,0.02031453362255968,-0.006035791757049911,0.005450643776824019,-0.006599326599326633,5888,0.626358695652174
Sports,Tennis,6h,6.0,<=6h,5234,20,0.022928926251432953,-0.011568589988536522,-0.004547945205479456,-0.01341252699784026,5888,0.8889266304347826
Sports,Tennis,6h,6.0,<=24h,5529,20,0.024559594863447283,-0.012423584735033463,-0.006258503401360544,-0.0249233716475096,5888,0.9390285326086957
Sports,Tennis,1h,1.0,all,6221,20,0.02697154798263945,-0.01274232438514708,-0.013935018050541512,0.010344827586206912,6221,1.0
Sports,Tennis,1h,1.0,<=1h,4956,20,0.03261097659402744,-0.011105730427764325,-0.015954738330975958,0.01141851106639837,6221,0.796656486095483
Sports,Tennis,1h,1.0,<=6h,5647,20,0.027967062156897485,-0.011530015937666001,-0.015144076840981855,0.01070689655172416,6221,0.9077318759041955
Sports,Tennis,1h,1.0,<=24h,5858,20,0.027808125640150227,-0.012833731649026958,-0.014516441005802705,0.010289256198347153,6221,0.9416492525317474
Weather,High Temp,1d,24.0,all,27215,20,0.015205217710821223,-0.013309204482821966,-0.012578924355050279,-0.04748663101604277,27215,1.0
Weather,High Temp,1d,24.0,<=1h,13843,20,0.013536083218955422,-0.009151195550097515,-0.011682887266828874,-0.025319148936170183,27215,0.5086533161859269
Weather,High Temp,1d,24.0,<=6h,24703,20,0.013772821114844352,-0.011722058049629605,-0.011117955968491211,-0.04374233128834356,27215,0.9076979606834467
Weather,High Temp,1d,24.0,<=24h,27137,20,0.015224232597560514,-0.013325717654862353,-0.012572785645175475,-0.04906593406593404,27215,0.9971339334925593
Weather,High Temp,6h,6.0,all,28483,20,0.013943404837973553,-0.007519924165291551,-0.012206548158032692,0.003858581619807119,28483,1.0
Weather,High Temp,6h,6.0,<=1h,9332,20,0.012235319331333103,-0.000852978996999519,-0.00849712023038157,0.006658171392163265,28483,0.3276340273145385
Weather,High Temp,6h,6.0,<=6h,23416,20,0.012878373761530565,-0.004337205329689115,-0.009834452692353009,0.00445908011228669,28483,0.8221044131587263
Weather,High Temp,6h,6.0,<=24h,28091,20,0.013642803744971696,-0.0069011427147485,-0.01177486455108359,0.0042436974789915784,28483,0.9862374047677562
Weather,High Temp,1h,1.0,all,28538,20,0.015235125096362764,-0.008161048426659174,-0.013416802420293228,0.008382013835511234,28538,1.0
Weather,High Temp,1h,1.0,<=1h,3486,20,0.014325874928284542,-0.0006024096385542423,-0.009670822942643391,0.009432878679109769,28538,0.1221529189151307
Weather,High Temp,1h,1.0,<=6h,14986,20,0.012725877485653273,-0.0028713465901508087,-0.010526572403705508,0.009556219820648418,28538,0.525124395542785
Weather,High Temp,1h,1.0,<=24h,27779,20,0.014702113107023298,-0.0069840527016811135,-0.01276940737552016,0.008556859726765504,28538,0.9734038825425748
Weather,Precipitation,1d,24.0,all,1057,20,0.034333017975402086,-0.003453169347209081,-0.02277333333333333,0.02013636363636365,1057,1.0
Weather,Precipitation,6h,6.0,all,1221,20,0.023325143325143335,-0.012186732186732182,-0.013882978723404256,0.0015233415233415473,1221,1.0
Weather,Precipitation,6h,6.0,<=24h,1052,20,0.02455323193916348,-0.013488593155893552,-0.011949152542372882,-0.0016566265060241373,1221,0.8615888615888616
Weather,Precipitation,1h,1.0,all,1228,20,0.023591205211726397,-0.014340390879478812,-0.01336973478939158,0.004327731092437013,1228,1.0
Weather,Precipitation,1h,1.0,<=24h,1054,20,0.026489563567362425,-0.016318785578747635,-0.013498168498168499,0.004447236180904513,1228,0.8583061889250815
