platform,lifespan_bucket,horizon_label,horizon_hours,life_stage_index,life_stage_bucket,market_count,mean_abs_move_to_final_cents,median_abs_move_to_final_cents,p90_abs_move_to_final_cents,mean_signed_move_to_final_cents,median_staleness_age_hours
kalshi,1-6h,1h,1.0,0,0-10%,57925,0.030677600345274062,0.0,0.0,0.004333189469141131,3.4574999999999996
kalshi,1-6h,1h,1.0,1,10-20%,1577,0.5478757133798351,0.0,0.0,-0.24984147114774888,2.9227777777777777
kalshi,1-6h,1h,1.0,2,20-30%,1127,0.774622892635315,0.0,0.0,-0.006211180124223602,2.5922222222222224
kalshi,1-6h,1h,1.0,3,30-40%,829,1.8926417370325694,0.0,0.0,0.23522316043425814,1.9636111111111112
kalshi,1-6h,1h,1.0,4,40-50%,693,4.520923520923521,0.0,13.0,0.004329004329004329,1.2863888888888888
kalshi,1-6h,1h,1.0,5,50-60%,554,2.088447653429603,0.0,0.6999999999999886,0.4963898916967509,0.9263888888888889
kalshi,1-6h,1h,1.0,6,60-70%,565,8.049557522123894,0.0,34.0,-1.6955752212389381,0.4602777777777778
kalshi,1-6h,1h,1.0,7,70-80%,512,10.86328125,0.0,42.0,-0.81640625,0.1630555555555555
kalshi,1-6h,1h,1.0,8,80-90%,190,23.294736842105262,15.5,56.0,-0.12631578947368421,0.01805555555555549
kalshi,1-7d,3d,72.0,0,0-10%,9890,4.239635995955511,0.0,9.0,0.39575328614762384,30.835416666666667
kalshi,1-7d,3d,72.0,1,10-20%,2364,15.95389170896785,3.0,54.0,0.315989847715736,28.612222222222222
kalshi,1-7d,3d,72.0,2,20-30%,3019,17.632991056641274,4.0,53.0,-0.730043060616098,18.47638888888889
kalshi,1-7d,3d,72.0,3,30-40%,4492,18.587043633125557,7.0,54.0,1.339492430988424,9.151944444444439
kalshi,1-7d,3d,72.0,4,40-50%,4940,18.619433198380566,7.0,55.0,0.5995951417004048,5.20569444444444
kalshi,1-7d,3d,72.0,5,50-60%,3475,17.67453237410072,8.0,54.0,-0.13841726618705036,1.5875000000000057
kalshi,1-7d,1d,24.0,0,0-10%,46448,2.709416982431967,0.0,3.0,0.11292197726489839,13.528888888888886
kalshi,1-7d,1d,24.0,1,10-20%,5408,14.419933431952662,3.0,49.0,-0.9473002958579881,9.113055555555558
kalshi,1-7d,1d,24.0,2,20-30%,8840,17.26074660633484,6.0,52.0,-0.14694570135746607,4.7481944444444455
kalshi,1-7d,1d,24.0,3,30-40%,25824,23.938855328376704,17.0,61.0,-0.2861291821561338,0.849444444444444
kalshi,1-7d,1d,24.0,4,40-50%,7891,19.547712583956407,8.0,57.0,0.4206057533899379,3.2652777777777793
kalshi,1-7d,1d,24.0,5,50-60%,7065,20.20481245576787,9.0,56.0,0.1937721160651097,4.968611111111112
kalshi,1-7d,1d,24.0,6,60-70%,7991,22.247027906394695,13.0,57.0,0.4617694906770116,3.992222222222221
kalshi,1-7d,1d,24.0,7,70-80%,8096,20.51284584980237,10.0,56.0,0.9382411067193676,4.15861111111111
kalshi,1-7d,1d,24.0,8,80-90%,7248,21.69398454746137,12.0,57.0,-0.07836644591611479,1.0554166666666678
kalshi,1-7d,6h,6.0,0,0-10%,40492,0.5879432974414699,0.0,0.0,0.16232836115775956,32.46069444444444
kalshi,1-7d,6h,6.0,1,10-20%,2686,4.984363365599404,0.0,14.0,0.9679821295606851,26.568055555555556
kalshi,1-7d,6h,6.0,2,20-30%,3434,5.06697728596389,0.0,15.0,0.9289458357600466,22.001666666666665
kalshi,1-7d,6h,6.0,3,30-40%,5203,6.943878531616376,0.0,25.0,0.9308091485681338,17.82138888888889
kalshi,1-7d,6h,6.0,4,40-50%,4859,6.509569870343692,0.0,24.0,1.1047540646223504,17.52138888888889
kalshi,1-7d,6h,6.0,5,50-60%,6158,7.319421890224099,0.0,31.0,0.9277362780123417,10.780972222222223
kalshi,1-7d,6h,6.0,6,60-70%,14918,8.905349242525809,0.0,36.0,1.1179782812709478,6.233194444444445
kalshi,1-7d,6h,6.0,7,70-80%,43919,14.585486919101072,2.0,50.0,0.3721851590427833,1.1238888888888887
kalshi,1-7d,6h,6.0,8,80-90%,38285,12.795037220843673,1.0,47.0,0.6699751861042184,0.8666666666666663
kalshi,1-7d,6h,6.0,9,90-100%,26152,24.012236157846438,18.0,59.0,1.3960691342918323,0.43694444444444436
kalshi,1-7d,1h,1.0,0,0-10%,38891,0.09302923555578411,0.0,0.0,0.01928466740376951,37.772222222222226
kalshi,1-7d,1h,1.0,1,10-20%,2065,0.9108958837772397,0.0,0.0,0.16610169491525423,35.2725
kalshi,1-7d,1h,1.0,2,20-30%,2545,0.8408644400785854,0.0,0.0,0.10216110019646366,29.204722222222223
kalshi,1-7d,1h,1.0,3,30-40%,3629,1.1981262055662718,0.0,0.0,0.3306696059520529,24.243055555555557
kalshi,1-7d,1h,1.0,4,40-50%,3466,1.0323139065204847,0.0,0.0,0.14195037507212926,25.714861111111112
kalshi,1-7d,1h,1.0,5,50-60%,4206,0.8849262957679506,0.0,0.0,0.11840228245363767,16.303472222222226
kalshi,1-7d,1h,1.0,6,60-70%,8963,0.8821823050317974,0.0,0.0,0.1273011268548477,12.107222222222223
kalshi,1-7d,1h,1.0,7,70-80%,18244,1.1357706643279983,0.0,0.0,0.03535408901556676,7.787361111111111
kalshi,1-7d,1h,1.0,8,80-90%,28988,2.2463088174417,0.0,0.0,0.06230164205878295,4.219583333333333
kalshi,1-7d,1h,1.0,9,90-100%,96447,10.849440625421217,0.0,43.0,0.2357149522535693,0.4883333333333333
kalshi,30-180d,30d,720.0,0,0-10%,1231,19.096669374492283,10.0,56.0,-1.8212835093419983,38.97888888888883
kalshi,30-180d,30d,720.0,1,10-20%,914,18.41356673960613,10.0,53.0,-2.192560175054705,70.3391666666667
kalshi,30-180d,30d,720.0,2,20-30%,1190,19.284033613445377,10.0,55.0,-1.5596638655462185,45.320694444444484
kalshi,30-180d,30d,720.0,3,30-40%,1148,15.018292682926829,6.0,47.0,-0.4799651567944251,58.37861111111107
kalshi,30-180d,30d,720.0,4,40-50%,1090,14.996330275229358,6.0,44.0,-0.28623853211009176,64.29472222222222
kalshi,30-180d,30d,720.0,5,50-60%,1157,12.706136560069144,3.0,41.0,0.23595505617977527,62.070833333333326
kalshi,30-180d,30d,720.0,6,60-70%,1284,14.71417445482866,4.0,50.0,1.9042056074766356,39.16638888888889
kalshi,30-180d,30d,720.0,7,70-80%,960,17.344791666666666,6.0,54.10000000000002,3.6260416666666666,30.93194444444447
kalshi,30-180d,30d,720.0,8,80-90%,256,16.3984375,8.0,45.5,0.5390625,18.106666666666683
kalshi,30-180d,7d,168.0,0,0-10%,201,6.079601990049751,0.0,15.0,2.1492537313432836,928.6063888888889
kalshi,30-180d,7d,168.0,1,10-20%,186,3.3118279569892475,0.0,7.5,1.881720430107527,1175.1661111111111
kalshi,30-180d,7d,168.0,2,20-30%,224,4.366071428571429,0.0,9.700000000000017,2.4285714285714284,1005.1343055555556
kalshi,30-180d,7d,168.0,3,30-40%,362,3.546961325966851,0.0,8.900000000000034,0.32044198895027626,1028.0427777777777
kalshi,30-180d,7d,168.0,4,40-50%,356,5.623595505617978,0.0,13.5,-2.337078651685393,540.1395833333333
kalshi,30-180d,7d,168.0,5,50-60%,571,5.938704028021016,0.0,14.0,-0.670753064798599,405.3833333333333
kalshi,30-180d,7d,168.0,6,60-70%,958,5.6367432150313155,0.0,15.0,0.8329853862212944,259.0795833333333
kalshi,30-180d,7d,168.0,7,70-80%,2446,10.81807031888798,2.0,36.0,-0.8892068683565004,53.31347222222222
kalshi,30-180d,7d,168.0,8,80-90%,4086,12.136563876651982,3.0,39.0,0.14586392559960842,17.21930555555555
kalshi,30-180d,7d,168.0,9,90-100%,1987,14.521389028686462,4.0,48.0,2.525415198792149,11.428888888888878
kalshi,30-180d,3d,72.0,0,0-10%,172,4.191860465116279,0.0,6.0,1.2965116279069768,1055.5493055555555
kalshi,30-180d,3d,72.0,1,10-20%,156,1.3269230769230769,0.0,1.0,0.4423076923076923,1333.5580555555557
kalshi,30-180d,3d,72.0,2,20-30%,182,2.368131868131868,0.0,3.0,1.3681318681318682,1276.8780555555554
kalshi,30-180d,3d,72.0,3,30-40%,297,1.8754208754208754,0.0,1.0,-0.030303030303030304,1264.681388888889
kalshi,30-180d,3d,72.0,4,40-50%,276,1.8659420289855073,0.0,4.0,-0.9239130434782609,742.8818055555555
kalshi,30-180d,3d,72.0,5,50-60%,407,2.520884520884521,0.0,4.0,-0.5454545454545454,563.1033333333334
kalshi,30-180d,3d,72.0,6,60-70%,629,2.955484896661367,0.0,5.2000000000000455,0.9809220985691574,424.005
kalshi,30-180d,3d,72.0,7,70-80%,940,3.5414893617021277,0.0,8.0,-0.22872340425531915,256.9666666666667
kalshi,30-180d,3d,72.0,8,80-90%,2342,6.055935098206661,0.0,16.90000000000009,0.06532877882152006,77.76083333333332
kalshi,30-180d,3d,72.0,9,90-100%,6153,11.963594994311718,3.0,41.0,0.512270437185113,9.623888888888885
kalshi,30-180d,1d,24.0,0,0-10%,150,2.1333333333333333,0.0,3.0,0.56,1106.6559722222223
kalshi,30-180d,1d,24.0,1,10-20%,142,0.971830985915493,0.0,0.0,0.3380281690140845,1486.7655555555557
kalshi,30-180d,1d,24.0,2,20-30%,162,0.8333333333333334,0.0,0.0,0.25308641975308643,1338.0797222222222
kalshi,30-180d,1d,24.0,3,30-40%,271,0.6826568265682657,0.0,0.0,0.2693726937269373,1320.1366666666668
kalshi,30-180d,1d,24.0,4,40-50%,242,1.0867768595041323,0.0,0.9000000000000057,-0.5413223140495868,815.6451388888888
kalshi,30-180d,1d,24.0,5,50-60%,358,1.2374301675977655,0.0,0.0,0.05307262569832402,621.1918055555556
kalshi,30-180d,1d,24.0,6,60-70%,509,1.2888015717092338,0.0,0.19999999999998863,0.8094302554027505,494.6633333333333
kalshi,30-180d,1d,24.0,7,70-80%,737,1.1682496607869741,0.0,1.0,-0.3812754409769335,333.9175
kalshi,30-180d,1d,24.0,8,80-90%,1204,2.25,0.0,3.0,0.7632890365448505,170.14166666666668
kalshi,30-180d,1d,24.0,9,90-100%,7867,9.008389475022245,1.0,31.0,0.0003813397737384009,9.918333333333337
kalshi,30-180d,6h,6.0,0,0-10%,138,1.181159420289855,0.0,0.0,0.26811594202898553,1135.6518055555557
kalshi,30-180d,6h,6.0,1,10-20%,140,0.9428571428571428,0.0,0.0,0.37142857142857144,1504.7655555555557
kalshi,30-180d,6h,6.0,2,20-30%,147,0.5510204081632653,0.0,0.0,0.4013605442176871,1363.9122222222222
kalshi,30-180d,6h,6.0,3,30-40%,260,0.38846153846153847,0.0,0.0,0.3730769230769231,1355.1618055555555
kalshi,30-180d,6h,6.0,4,40-50%,225,0.4177777777777778,0.0,0.0,-0.18666666666666668,871.4311111111111
kalshi,30-180d,6h,6.0,5,50-60%,328,0.22560975609756098,0.0,0.0,-0.07317073170731707,642.2133333333334
kalshi,30-180d,6h,6.0,6,60-70%,458,0.425764192139738,0.0,0.0,0.27292576419213976,540.5166666666667
kalshi,30-180d,6h,6.0,7,70-80%,649,0.3790446841294299,0.0,0.0,0.06471494607087827,368.0966666666667
kalshi,30-180d,6h,6.0,8,80-90%,962,0.5831600831600832,0.0,0.0,0.21101871101871103,205.7497222222222
kalshi,30-180d,6h,6.0,9,90-100%,8404,6.105544978581627,0.0,20.0,-0.24190861494526417,6.8374999999999995
kalshi,30-180d,1h,1.0,0,0-10%,130,0.06153846153846154,0.0,0.0,-0.015384615384615385,1147.6251388888888
kalshi,30-180d,1h,1.0,1,10-20%,136,0.6544117647058824,0.0,0.0,0.5073529411764706,1518.2408333333333
kalshi,30-180d,1h,1.0,2,20-30%,144,0.0,0.0,0.0,0.0,1368.8006944444446
kalshi,30-180d,1h,1.0,3,30-40%,255,0.00392156862745098,0.0,0.0,-0.00392156862745098,1367.6366666666668
kalshi,30-180d,1h,1.0,4,40-50%,206,0.13592233009708737,0.0,0.0,-0.13592233009708737,899.9593055555556
kalshi,30-180d,1h,1.0,5,50-60%,321,0.09034267912772585,0.0,0.0,0.003115264797507788,646.6038888888888
kalshi,30-180d,1h,1.0,6,60-70%,446,0.08071748878923767,0.0,0.0,0.017937219730941704,543.0281944444444
kalshi,30-180d,1h,1.0,7,70-80%,615,0.06829268292682927,0.0,0.0,-0.06504065040650407,378.31333333333333
kalshi,30-180d,1h,1.0,8,80-90%,901,0.15871254162042175,0.0,0.0,0.09433962264150944,210.00333333333333
kalshi,30-180d,1h,1.0,9,90-100%,8602,3.0203441060218554,0.0,5.0,-0.060799813996744945,8.269444444444444
kalshi,6-24h,6h,6.0,0,0-10%,78987,0.4306784660766962,0.0,0.0,0.14141567599731603,5.1772222222222215
kalshi,6-24h,6h,6.0,1,10-20%,3055,10.951227495908347,0.0,45.0,1.8127659574468085,3.273888888888889
kalshi,6-24h,6h,6.0,2,20-30%,3461,14.441201964750073,1.0,50.0,0.7116440335163248,2.4541666666666675
kalshi,6-24h,6h,6.0,3,30-40%,3005,17.90549084858569,1.0,54.0,-0.09051580698835275,2.0775000000000006
kalshi,6-24h,6h,6.0,4,40-50%,3830,22.609660574412533,14.0,57.0,-0.19869451697127938,0.6969444444444441
kalshi,6-24h,6h,6.0,5,50-60%,5574,28.899533548618585,33.0,58.0,-0.0003588087549336204,0.3190277777777779
kalshi,6-24h,6h,6.0,6,60-70%,5279,24.109490433794278,17.0,59.0,1.3358590642167076,0.4883333333333333
kalshi,6-24h,6h,6.0,7,70-80%,4278,23.370733987844787,16.0,58.0,1.1248246844319776,0.15500000000000025
kalshi,6-24h,1h,1.0,0,0-10%,76386,0.03445657581232163,0.0,0.0,0.010289843688634042,10.193055555555556
kalshi,6-24h,1h,1.0,1,10-20%,2086,0.6212847555129435,0.0,0.0,0.058485139022051776,8.00888888888889
kalshi,6-24h,1h,1.0,2,20-30%,2306,0.6079791847354726,0.0,0.0,0.14397224631396358,6.92986111111111
kalshi,6-24h,1h,1.0,3,30-40%,2358,0.6272264631043257,0.0,0.0,0.03095843935538592,5.247083333333333
kalshi,6-24h,1h,1.0,4,40-50%,2560,0.687109375,0.0,0.0,0.075390625,4.630833333333333
kalshi,6-24h,1h,1.0,5,50-60%,2902,1.045830461750517,0.0,0.0,-0.022398345968297727,4.370833333333334
kalshi,6-24h,1h,1.0,6,60-70%,3592,1.8967149220489978,0.0,0.0,-0.24749443207126948,3.8375
kalshi,6-24h,1h,1.0,7,70-80%,4993,3.4205888243540956,0.0,4.0,-0.12116963749248949,3.2380555555555555
kalshi,6-24h,1h,1.0,8,80-90%,8966,9.166294891813518,0.0,37.0,-0.03669417800579969,0.9554166666666667
kalshi,6-24h,1h,1.0,9,90-100%,16554,19.106801981394224,9.0,54.0,0.19572308807538963,0.050833333333333286
kalshi,7-30d,7d,168.0,0,0-10%,1414,19.718528995756717,9.0,57.0,-2.248939179632249,23.395416666666662
kalshi,7-30d,7d,168.0,1,10-20%,1160,22.66465517241379,14.0,64.0,-2.6232758620689656,12.198472222222222
kalshi,7-30d,7d,168.0,2,20-30%,1265,21.280632411067195,10.0,61.0,0.5375494071146245,14.041111111111121
kalshi,7-30d,7d,168.0,3,30-40%,1191,21.68513853904282,12.0,58.0,-0.889168765743073,14.536111111111097
kalshi,7-30d,7d,168.0,4,40-50%,1665,21.506906906906906,13.0,58.0,-1.6066066066066067,7.3983333333333405
kalshi,7-30d,7d,168.0,5,50-60%,1232,24.01461038961039,16.0,65.0,-0.8425324675324676,6.799861111111099
kalshi,7-30d,7d,168.0,6,60-70%,948,18.835443037974684,8.0,56.0,-0.6286919831223629,12.57541666666667
kalshi,7-30d,7d,168.0,7,70-80%,804,17.053482587064675,8.0,51.0,0.5659203980099502,6.448472222222222
kalshi,7-30d,3d,72.0,0,0-10%,466,7.246781115879829,0.0,29.0,-1.5257510729613735,186.53055555555557
kalshi,7-30d,3d,72.0,1,10-20%,337,12.353115727002967,0.0,48.0,0.39465875370919884,148.67138888888888
kalshi,7-30d,3d,72.0,2,20-30%,518,10.573359073359073,0.0,38.0,-1.5424710424710424,127.79222222222222
kalshi,7-30d,3d,72.0,3,30-40%,965,16.671502590673576,4.0,58.0,0.43316062176165804,45.94722222222222
kalshi,7-30d,3d,72.0,4,40-50%,1477,17.641841570751524,8.0,53.0,0.34461746784021663,27.82694444444445
kalshi,7-30d,3d,72.0,5,50-60%,3696,22.326028138528137,13.0,60.0,0.3179112554112554,6.157222222222224
kalshi,7-30d,3d,72.0,6,60-70%,3758,21.413783927621076,11.0,58.0,-0.13916977115486961,3.010138888888889
kalshi,7-30d,3d,72.0,7,70-80%,3392,21.22110849056604,12.0,57.0,0.17688679245283018,3.1204166666666637
kalshi,7-30d,3d,72.0,8,80-90%,2075,16.837590361445784,6.0,54.600000000000136,0.6853012048192771,4.655833333333334
kalshi,7-30d,1d,24.0,0,0-10%,338,3.002958579881657,0.0,7.300000000000011,-1.334319526627219,253.33333333333331
kalshi,7-30d,1d,24.0,1,10-20%,221,5.547511312217194,0.0,24.0,1.1764705882352942,245.2836111111111
kalshi,7-30d,1d,24.0,2,20-30%,325,3.6215384615384614,0.0,8.0,-0.39692307692307693,222.09472222222223
kalshi,7-30d,1d,24.0,3,30-40%,484,8.022727272727273,0.0,27.69999999999999,1.072314049586777,111.1275
kalshi,7-30d,1d,24.0,4,40-50%,582,10.675257731958762,0.0,44.0,0.6890034364261168,93.565
kalshi,7-30d,1d,24.0,5,50-60%,936,10.922008547008547,0.0,39.0,-0.4668803418803419,60.049166666666665
kalshi,7-30d,1d,24.0,6,60-70%,1360,9.83014705882353,0.0,36.100000000000136,-0.09338235294117647,48.01444444444444
kalshi,7-30d,1d,24.0,7,70-80%,2291,13.439109559144478,0.0,49.0,-0.27018769096464423,26.183611111111112
kalshi,7-30d,1d,24.0,8,80-90%,7742,22.209119090674243,14.0,59.0,0.2465771118574012,2.6984722222222217
kalshi,7-30d,1d,24.0,9,90-100%,4530,20.57924944812362,10.0,57.0,0.19602649006622516,0.8236111111111111
kalshi,7-30d,6h,6.0,0,0-10%,274,0.6715328467153284,0.0,0.0,-0.3795620437956204,287.1622222222222
kalshi,7-30d,6h,6.0,1,10-20%,182,1.7032967032967032,0.0,0.0,0.07692307692307693,298.10583333333335
kalshi,7-30d,6h,6.0,2,20-30%,271,1.1918819188191883,0.0,0.0,0.3726937269372694,263.7427777777778
kalshi,7-30d,6h,6.0,3,30-40%,362,2.6298342541436464,0.0,0.0,0.8397790055248618,159.8511111111111
kalshi,7-30d,6h,6.0,4,40-50%,390,3.071794871794872,0.0,2.1000000000000227,1.1333333333333333,132.6795833333333
kalshi,7-30d,6h,6.0,5,50-60%,574,3.7578397212543555,0.0,11.700000000000045,0.5766550522648084,95.04361111111112
kalshi,7-30d,6h,6.0,6,60-70%,840,2.030952380952381,0.0,2.0,-0.047619047619047616,72.50736111111112
kalshi,7-30d,6h,6.0,7,70-80%,1141,3.1226993865030677,0.0,4.0,0.16739702015775634,51.03194444444444
kalshi,7-30d,6h,6.0,8,80-90%,1986,3.8605236656596174,0.0,8.0,0.7447129909365559,24.950138888888887
kalshi,7-30d,6h,6.0,9,90-100%,14199,21.12423410099303,12.0,59.0,0.06106063807310374,0.6677777777777774
kalshi,7-30d,1h,1.0,0,0-10%,258,0.22868217054263565,0.0,0.0,-0.1434108527131783,294.66527777777776
kalshi,7-30d,1h,1.0,1,10-20%,171,0.5672514619883041,0.0,0.0,0.4853801169590643,305.9013888888889
kalshi,7-30d,1h,1.0,2,20-30%,258,0.2868217054263566,0.0,0.0,-0.2868217054263566,279.60416666666663
kalshi,7-30d,1h,1.0,3,30-40%,334,0.5119760479041916,0.0,0.0,-0.014970059880239521,166.98263888888889
kalshi,7-30d,1h,1.0,4,40-50%,346,0.2832369942196532,0.0,0.0,0.2543352601156069,145.95263888888888
kalshi,7-30d,1h,1.0,5,50-60%,494,0.902834008097166,0.0,0.0,0.30364372469635625,105.26652777777778
kalshi,7-30d,1h,1.0,6,60-70%,726,0.24104683195592286,0.0,0.0,0.15013774104683195,78.8111111111111
kalshi,7-30d,1h,1.0,7,70-80%,983,0.4313326551373347,0.0,0.0,0.0752797558494405,57.20638888888889
kalshi,7-30d,1h,1.0,8,80-90%,1474,0.23405698778833106,0.0,0.0,-0.026458616010854818,31.855694444444442
kalshi,7-30d,1h,1.0,9,90-100%,15747,11.711119578332381,0.0,44.0,0.28672128024385596,0.39583333333333326
kalshi,>180d,30d,720.0,0,0-10%,14,8.214285714285714,0.0,24.500000000000036,3.2142857142857144,5121.990972222222
kalshi,>180d,30d,720.0,1,10-20%,7,0.0,0.0,0.0,0.0,3716.0613888888893
kalshi,>180d,30d,720.0,2,20-30%,29,8.827586206896552,0.0,12.599999999999994,1.5862068965517242,5483.758888888889
kalshi,>180d,30d,720.0,3,30-40%,39,3.7948717948717947,0.0,10.200000000000003,-3.7435897435897436,2971.748888888889
kalshi,>180d,30d,720.0,4,40-50%,41,2.8780487804878048,0.0,7.0,-1.6097560975609757,2153.386111111111
kalshi,>180d,30d,720.0,5,50-60%,56,6.625,0.0,19.0,-0.8035714285714286,2049.5627777777777
kalshi,>180d,30d,720.0,6,60-70%,77,2.6103896103896105,0.0,7.400000000000006,0.3246753246753247,1252.231388888889
kalshi,>180d,30d,720.0,7,70-80%,165,4.363636363636363,0.0,9.599999999999994,-0.4727272727272727,576.1963888888888
kalshi,>180d,30d,720.0,8,80-90%,1059,11.817752596789424,2.0,39.0,1.400377714825307,71.63611111111106
kalshi,>180d,30d,720.0,9,90-100%,372,10.39516129032258,3.0,35.80000000000007,-0.4543010752688172,22.00680555555556
kalshi,>180d,7d,168.0,0,0-10%,12,6.666666666666667,0.0,0.0,6.666666666666667,5673.990972222222
kalshi,>180d,7d,168.0,1,10-20%,5,0.0,0.0,0.0,0.0,4268.061388888889
kalshi,>180d,7d,168.0,2,20-30%,21,0.6666666666666666,0.0,0.0,0.38095238095238093,6448.987222222222
kalshi,>180d,7d,168.0,3,30-40%,32,1.53125,0.0,6.0,-1.53125,3524.2427777777775
kalshi,>180d,7d,168.0,4,40-50%,21,0.6666666666666666,0.0,2.0,-0.19047619047619047,2749.7925
kalshi,>180d,7d,168.0,5,50-60%,32,0.3125,0.0,1.9000000000000021,0.0,2455.8358333333335
kalshi,>180d,7d,168.0,6,60-70%,43,1.5116279069767442,0.0,2.8000000000000043,-0.6744186046511628,1885.8697222222222
kalshi,>180d,7d,168.0,7,70-80%,65,1.0,0.0,1.6000000000000014,-0.9384615384615385,1180.4880555555555
kalshi,>180d,7d,168.0,8,80-90%,244,1.3237704918032787,0.0,1.0,0.5122950819672131,672.7430555555557
kalshi,>180d,7d,168.0,9,90-100%,1434,6.764295676429568,1.0,22.0,1.2161785216178522,49.165833333333325
kalshi,>180d,3d,72.0,0,0-10%,12,6.666666666666667,0.0,0.0,6.666666666666667,5769.990972222222
kalshi,>180d,3d,72.0,1,10-20%,4,0.0,0.0,0.0,0.0,4709.191527777778
kalshi,>180d,3d,72.0,2,20-30%,19,0.0,0.0,0.0,0.0,6544.987222222222
kalshi,>180d,3d,72.0,3,30-40%,28,0.21428571428571427,0.0,0.0,-0.21428571428571427,3638.4325
kalshi,>180d,3d,72.0,4,40-50%,17,0.7058823529411765,0.0,2.4000000000000004,-0.35294117647058826,3034.1188888888887
kalshi,>180d,3d,72.0,5,50-60%,29,0.1724137931034483,0.0,0.0,-0.034482758620689655,2652.5666666666666
kalshi,>180d,3d,72.0,6,60-70%,39,0.9230769230769231,0.0,0.20000000000000284,0.0,2071.2136111111113
kalshi,>180d,3d,72.0,7,70-80%,59,0.8305084745762712,0.0,0.20000000000000284,-0.8305084745762712,1284.5436111111112
kalshi,>180d,3d,72.0,8,80-90%,211,1.2796208530805686,0.0,0.0,0.6824644549763034,769.9255555555555
kalshi,>180d,3d,72.0,9,90-100%,1493,4.6195579370395174,0.0,11.799999999999955,0.7615539182853316,52.91722222222222
kalshi,>180d,1d,24.0,0,0-10%,11,0.0,0.0,0.0,0.0,5853.474444444444
kalshi,>180d,1d,24.0,1,10-20%,4,0.0,0.0,0.0,0.0,4757.191527777778
kalshi,>180d,1d,24.0,2,20-30%,19,0.0,0.0,0.0,0.0,6592.987222222222
kalshi,>180d,1d,24.0,3,30-40%,27,0.0,0.0,0.0,0.0,3668.248888888889
kalshi,>180d,1d,24.0,4,40-50%,16,0.625,0.0,1.5,-0.25,3285.098055555555
kalshi,>180d,1d,24.0,5,50-60%,28,0.10714285714285714,0.0,0.0,-0.10714285714285714,2670.7833333333333
kalshi,>180d,1d,24.0,6,60-70%,37,0.5405405405405406,0.0,0.0,0.43243243243243246,2199.2697222222223
kalshi,>180d,1d,24.0,7,70-80%,51,0.6862745098039216,0.0,0.0,-0.6862745098039216,1445.1755555555555
kalshi,>180d,1d,24.0,8,80-90%,190,0.05263157894736842,0.0,0.0,-0.031578947368421054,816.3059722222222
kalshi,>180d,1d,24.0,9,90-100%,1532,2.9157963446475197,0.0,5.0,0.30613577023498695,46.09611111111111
kalshi,>180d,6h,6.0,0,0-10%,9,0.0,0.0,0.0,0.0,5871.476944444445
kalshi,>180d,6h,6.0,1,10-20%,4,0.0,0.0,0.0,0.0,4775.191527777778
kalshi,>180d,6h,6.0,2,20-30%,19,0.0,0.0,0.0,0.0,6610.987222222222
kalshi,>180d,6h,6.0,3,30-40%,26,0.0,0.0,0.0,0.0,3704.4325
kalshi,>180d,6h,6.0,4,40-50%,14,0.21428571428571427,0.0,0.0,0.21428571428571427,3381.8512499999997
kalshi,>180d,6h,6.0,5,50-60%,27,0.0,0.0,0.0,0.0,2718.5666666666666
kalshi,>180d,6h,6.0,6,60-70%,35,0.5142857142857142,0.0,0.0,0.5142857142857142,2218.6441666666665
kalshi,>180d,6h,6.0,7,70-80%,49,0.02040816326530612,0.0,0.0,-0.02040816326530612,1504.8258333333333
kalshi,>180d,6h,6.0,8,80-90%,180,0.005555555555555556,0.0,0.0,0.005555555555555556,834.3059722222222
kalshi,>180d,6h,6.0,9,90-100%,1553,1.5035415325177077,0.0,1.0,0.31873792659368966,36.20777777777778
kalshi,>180d,1h,1.0,0,0-10%,9,0.0,0.0,0.0,0.0,5876.476944444445
kalshi,>180d,1h,1.0,1,10-20%,4,0.0,0.0,0.0,0.0,4780.191527777778
kalshi,>180d,1h,1.0,2,20-30%,19,0.0,0.0,0.0,0.0,6615.987222222222
kalshi,>180d,1h,1.0,3,30-40%,26,0.0,0.0,0.0,0.0,3709.4325
kalshi,>180d,1h,1.0,4,40-50%,13,0.0,0.0,0.0,0.0,3668.583611111111
kalshi,>180d,1h,1.0,5,50-60%,27,0.0,0.0,0.0,0.0,2723.5666666666666
kalshi,>180d,1h,1.0,6,60-70%,34,0.0,0.0,0.0,0.0,2222.956944444444
kalshi,>180d,1h,1.0,7,70-80%,49,0.02040816326530612,0.0,0.0,-0.02040816326530612,1509.8258333333333
kalshi,>180d,1h,1.0,8,80-90%,176,0.0,0.0,0.0,0.0,839.7430555555557
kalshi,>180d,1h,1.0,9,90-100%,1559,0.7036561898652983,0.0,0.0,0.13149454778704298,35.3475
polymarket,1-6h,1h,1.0,0,0-10%,335,38.863006663877606,48.000016830011276,49.99999982999994,1.5889593126065085,2.0380555555555557
polymarket,1-6h,1h,1.0,1,10-20%,533,27.322779939681627,44.00000017000006,49.99999530799859,0.7094001508436037,1.8161111111111112
polymarket,1-6h,1h,1.0,2,20-30%,641,26.019860403234468,34.00000214200013,49.99999715857118,-0.5709363079936323,1.5225
polymarket,1-6h,1h,1.0,3,30-40%,941,21.405431061994086,4.900000000000006,49.999983169988724,-0.9727282825445694,1.3097222222222222
polymarket,1-6h,1h,1.0,4,40-50%,1195,21.38007447093979,5.899999460000004,49.999983169988724,0.2510284587170355,0.9341666666666666
polymarket,1-6h,1h,1.0,5,50-60%,1697,25.06390085171728,23.0,49.999983169988724,-0.3156855499122375,0.565
polymarket,1-6h,1h,1.0,6,60-70%,4213,35.608711495553585,48.915577725966486,49.0,-0.5985809014772163,0.11583333333333323
polymarket,1-6h,1h,1.0,7,70-80%,1717,8.142844397942019,0.20000000000000284,32.0,0.43474042874742397,0.3586111111111112
polymarket,1-6h,1h,1.0,8,80-90%,808,13.192243940801925,3.0,45.00000025336539,-0.46768895022882484,0.0755555555555556
polymarket,1-7d,3d,72.0,0,0-10%,1436,13.023886507247452,3.0227837055617677,46.0,-2.1706603734898073,25.194999999999993
polymarket,1-7d,3d,72.0,1,10-20%,2035,11.542109463421049,3.999999420199977,37.11699644500158,-1.4318115094052277,17.879166666666663
polymarket,1-7d,3d,72.0,2,20-30%,2494,11.041746801861558,3.5,35.630001405476456,-1.1250203809821377,16.90083333333333
polymarket,1-7d,3d,72.0,3,30-40%,3251,9.292643974367516,2.999999368593322,26.999993844998862,-0.9969689553169181,12.296666666666667
polymarket,1-7d,3d,72.0,4,40-50%,5352,10.321652357122428,3.0,29.635500621950097,-1.0370844828146584,11.910000000000004
polymarket,1-7d,3d,72.0,5,50-60%,10637,14.813678993432406,5.0,46.0,-0.7019914207310903,1.4958333333333371
polymarket,1-7d,1d,24.0,0,0-10%,2078,28.945679247444467,34.00000732805255,50.899996392828704,-1.8261831792071583,5.496388888888889
polymarket,1-7d,1d,24.0,1,10-20%,2251,19.4223950628396,6.299999999999997,50.89999566499821,-0.5078142172445022,4.88111111111111
polymarket,1-7d,1d,24.0,2,20-30%,2366,18.03661003922001,5.569935878659612,49.900000000000006,-0.5339394454398263,9.371666666666666
polymarket,1-7d,1d,24.0,3,30-40%,2990,13.583827565983654,2.9999916399989957,49.0,-0.42210213115915407,6.476944444444445
polymarket,1-7d,1d,24.0,4,40-50%,6112,17.54097816527297,5.0,49.9999956649982,-0.15125493404339274,1.7884722222222234
polymarket,1-7d,1d,24.0,5,50-60%,4664,14.98079446295263,3.5011016346837236,49.900000000000006,0.12073084045866106,1.9537499999999994
polymarket,1-7d,1d,24.0,6,60-70%,5253,10.54406099592232,2.0000109200024028,44.899998424999495,-0.17283213179720094,4.8825
polymarket,1-7d,1d,24.0,7,70-80%,8895,8.339568474795762,1.9999627399426174,30.900000000000006,-0.28770226260243675,4.511388888888888
polymarket,1-7d,1d,24.0,8,80-90%,17057,9.14043710945801,1.6000000000000056,30.900000000000006,-0.1934213684599583,0.8066666666666684
polymarket,1-7d,6h,6.0,0,0-10%,1233,31.613880261613442,48.0,50.0,-0.5512076222699464,18.07472222222222
polymarket,1-7d,6h,6.0,1,10-20%,708,14.14453958462455,0.0,49.999986918491565,2.5978040473238413,59.56236111111111
polymarket,1-7d,6h,6.0,2,20-30%,722,14.522372276760661,0.0,49.999983152989,-0.6572423216058162,52.81861111111111
polymarket,1-7d,6h,6.0,3,30-40%,1021,14.609516245054571,0.0,49.900000000000006,-0.11175311049238902,36.94083333333333
polymarket,1-7d,6h,6.0,4,40-50%,1485,19.789945258026037,1.0000032500011429,49.99999823461531,-1.750009606340345,21.07472222222222
polymarket,1-7d,6h,6.0,5,50-60%,2651,22.728157108693456,4.999997269999483,49.99999853374986,0.9036964219743625,15.226388888888888
polymarket,1-7d,6h,6.0,6,60-70%,4854,24.40425681198184,12.000004760000762,49.999999107499974,0.7562543499250844,9.671944444444444
polymarket,1-7d,6h,6.0,7,70-80%,12266,22.10958824204466,5.400000000000006,49.99999785799987,0.007804892676549609,2.661666666666667
polymarket,1-7d,6h,6.0,8,80-90%,23180,20.16626037880105,4.999998191848858,49.9999956649982,-0.3175920477124827,1.1343055555555552
polymarket,1-7d,6h,6.0,9,90-100%,30578,7.126038225359639,1.0,25.900000000000006,-0.10033696226135723,0.5459722222222223
polymarket,1-7d,1h,1.0,0,0-10%,563,15.300055704220215,0.0,49.99999143991457,-0.43556399362333165,67.48416666666667
polymarket,1-7d,1h,1.0,1,10-20%,475,2.913226935684379,0.0,0.0,0.25182263134864774,93.34805555555556
polymarket,1-7d,1h,1.0,2,20-30%,474,4.362236616955992,0.0,2.9193761336034325,-1.2331626345693374,93.14194444444445
polymarket,1-7d,1h,1.0,3,30-40%,665,4.794681334881121,0.0,6.943141845713652,-0.10871929386632605,66.36333333333333
polymarket,1-7d,1h,1.0,4,40-50%,746,4.999797073596927,0.0,9.604985547388708,0.0944714098922552,67.80152777777778
polymarket,1-7d,1h,1.0,5,50-60%,1138,5.216616211795809,0.0,32.97531072596976,0.09533756083429992,42.14527777777778
polymarket,1-7d,1h,1.0,6,60-70%,1580,5.176591623835721,0.0,26.090001927800238,0.12792356175398856,25.14736111111111
polymarket,1-7d,1h,1.0,7,70-80%,2651,8.792750146259259,0.0,49.0,0.3410456128319578,13.239166666666666
polymarket,1-7d,1h,1.0,8,80-90%,6909,12.400975342423623,0.0,49.0,0.44718494475963505,4.936388888888889
polymarket,1-7d,1h,1.0,9,90-100%,86783,19.09552491831356,2.0,49.999999107499974,0.025187823271988704,0.18888888888888888
polymarket,30-180d,30d,720.0,0,0-10%,2492,13.52890120158564,2.1500001173604675,47.86704177276441,-0.48722741157145316,18.51458333333329
polymarket,30-180d,30d,720.0,1,10-20%,1853,10.078715392223645,1.0000000000000058,35.879995679999574,-0.2207011552677995,48.20944444444444
polymarket,30-180d,30d,720.0,2,20-30%,1775,9.011944975300079,0.85,30.1049814392618,-1.3497610048537627,15.243055555555543
polymarket,30-180d,30d,720.0,3,30-40%,1116,10.37132422712441,1.4000000018750027,34.3499867914558,-1.2417268918314464,20.731666666666683
polymarket,30-180d,30d,720.0,4,40-50%,1084,8.797504115186506,1.0,26.99999763749923,-0.948514633190714,22.23888888888888
polymarket,30-180d,30d,720.0,5,50-60%,1207,8.957608188281762,1.906574943605861,25.677211155764773,-0.9655996120915044,9.449722222222249
polymarket,30-180d,30d,720.0,6,60-70%,1723,6.571750272037232,0.8000000000000057,18.900005313271816,-1.1293506306907695,23.940555555555534
polymarket,30-180d,30d,720.0,7,70-80%,1755,6.240051899139442,1.0000000000000058,18.850048708623017,-0.7134681011944008,16.320833333333326
polymarket,30-180d,30d,720.0,8,80-90%,473,7.928095912821626,1.6000000000000056,19.64000000000001,-0.6026861685236872,5.163611111111095
polymarket,30-180d,7d,168.0,0,0-10%,900,0.15161426505911135,0.0,0.0,-0.12526528271026338,1776.643611111111
polymarket,30-180d,7d,168.0,1,10-20%,895,0.1069563225908021,0.0,0.0,-0.039656179469332364,1327.0125
polymarket,30-180d,7d,168.0,2,20-30%,746,0.19543670522752235,0.0,0.0,-0.1954367052275223,1038.9959722222222
polymarket,30-180d,7d,168.0,3,30-40%,529,0.2822831703591681,0.0,0.0,-0.005807566880907673,547.1455555555556
polymarket,30-180d,7d,168.0,4,40-50%,559,0.6886449618380459,0.0,0.0,0.06146806740609456,525.0855555555555
polymarket,30-180d,7d,168.0,5,50-60%,430,0.7788827474835872,0.0,0.0,-0.037350004346089115,338.28319444444446
polymarket,30-180d,7d,168.0,6,60-70%,1317,0.9176363403012799,0.0,0.3999999999999994,-0.21558511940420008,475.7441666666666
polymarket,30-180d,7d,168.0,7,70-80%,2981,5.458445612219047,0.49999999999999434,15.0,-0.7062122844755515,12.143611111111113
polymarket,30-180d,7d,168.0,8,80-90%,3577,5.0158628987681,0.6468631765257554,13.704616123620788,-0.30413556915159345,5.354444444444454
polymarket,30-180d,7d,168.0,9,90-100%,2827,3.375483267160081,0.4000000000000057,7.498483908697407,-0.5357093662936463,5.379166666666663
polymarket,30-180d,3d,72.0,0,0-10%,894,0.06599541275078498,0.0,0.0,-0.04138713713593325,1873.6794444444445
polymarket,30-180d,3d,72.0,1,10-20%,889,0.056947028929997597,0.0,0.0,0.010807333380143466,1439.4952777777778
polymarket,30-180d,3d,72.0,2,20-30%,735,0.0002717012248940305,0.0,0.0,-0.0002717012248940305,1155.2347222222222
polymarket,30-180d,3d,72.0,3,30-40%,511,0.14716242661448142,0.0,0.0,0.11624266144814088,637.9805555555556
polymarket,30-180d,3d,72.0,4,40-50%,543,0.36813996177163605,0.0,0.0,-0.01491712636832208,642.2333333333333
polymarket,30-180d,3d,72.0,5,50-60%,402,0.1888770541954552,0.0,0.0,-0.1888770541954552,439.48055555555555
polymarket,30-180d,3d,72.0,6,60-70%,1174,0.20528667912500026,0.0,0.0,-0.20511632137372257,573.9658333333333
polymarket,30-180d,3d,72.0,7,70-80%,962,0.6066769007671894,0.0,0.0,-0.01451200643932798,256.91263888888886
polymarket,30-180d,3d,72.0,8,80-90%,2008,1.9470509155173623,0.0,3.9000000000000057,-0.48953470271891075,67.99986111111112
polymarket,30-180d,3d,72.0,9,90-100%,6678,3.333334374565638,0.30000000000001137,7.400000382307649,-0.17848123972372065,3.2120833333333323
polymarket,30-180d,1d,24.0,0,0-10%,892,0.0,0.0,0.0,0.0,1922.381388888889
polymarket,30-180d,1d,24.0,1,10-20%,887,0.05064927235619783,0.0,0.0,0.0172578619095467,1497.6763888888888
polymarket,30-180d,1d,24.0,2,20-30%,735,0.0002717012248940305,0.0,0.0,-0.0002717012248940305,1203.2347222222222
polymarket,30-180d,1d,24.0,3,30-40%,506,0.0,0.0,0.0,0.0,687.4347222222223
polymarket,30-180d,1d,24.0,4,40-50%,541,0.3656192222587771,0.0,0.0,-0.01848428764879648,690.5072222222223
polymarket,30-180d,1d,24.0,5,50-60%,397,0.07110471392587267,0.0,0.0,-0.07110471392587267,495.1297222222222
polymarket,30-180d,1d,24.0,6,60-70%,1146,0.007024900848848302,0.0,0.0,-0.007024900848848302,627.4633333333334
polymarket,30-180d,1d,24.0,7,70-80%,902,0.14279934336763725,0.0,0.0,-0.05619263018715976,326.85749999999996
polymarket,30-180d,1d,24.0,8,80-90%,1250,0.2037760925541214,0.0,0.0,-0.03914498852517681,147.78222222222223
polymarket,30-180d,1d,24.0,9,90-100%,7570,2.1095548055623303,0.10000000000000853,4.0,-0.15766114792034747,4.169583333333334
polymarket,30-180d,6h,6.0,0,0-10%,892,0.0,0.0,0.0,0.0,1940.381388888889
polymarket,30-180d,6h,6.0,1,10-20%,885,0.0340302983580313,0.0,0.0,0.0340302983580313,1515.6775
polymarket,30-180d,6h,6.0,2,20-30%,735,0.0002717012248940305,0.0,0.0,-0.0002717012248940305,1221.2347222222222
polymarket,30-180d,6h,6.0,3,30-40%,506,0.0,0.0,0.0,0.0,705.4347222222223
polymarket,30-180d,6h,6.0,4,40-50%,539,0.3539888675658618,0.0,0.0,-0.005565862697588165,720.2791666666667
polymarket,30-180d,6h,6.0,5,50-60%,396,0.07052669552669556,0.0,0.0,-0.07052669552669556,527.6961111111111
polymarket,30-180d,6h,6.0,6,60-70%,1143,0.004286964195275625,0.0,0.0,-0.004286964195275625,645.8875
polymarket,30-180d,6h,6.0,7,70-80%,892,0.0015878500014962491,0.0,0.0,-0.0015878500014962491,348.5648611111111
polymarket,30-180d,6h,6.0,8,80-90%,1194,0.04676068995542936,0.0,0.0,0.001062710468931809,168.225
polymarket,30-180d,6h,6.0,9,90-100%,7733,1.6065611742089598,0.0,2.0000050589350407,-0.16108858369487072,3.5822222222222226
polymarket,30-180d,1h,1.0,0,0-10%,892,0.0,0.0,0.0,0.0,1945.381388888889
polymarket,30-180d,1h,1.0,1,10-20%,883,0.0,0.0,0.0,0.0,1520.6863888888888
polymarket,30-180d,1h,1.0,2,20-30%,735,0.0002717012248940305,0.0,0.0,-0.0002717012248940305,1226.2347222222222
polymarket,30-180d,1h,1.0,3,30-40%,506,0.0,0.0,0.0,0.0,710.4347222222223
polymarket,30-180d,1h,1.0,4,40-50%,537,0.0,0.0,0.0,0.0,728.1686111111111
polymarket,30-180d,1h,1.0,5,50-60%,393,0.0,0.0,0.0,0.0,511.1958333333333
polymarket,30-180d,1h,1.0,6,60-70%,1142,0.0,0.0,0.0,0.0,650.6791666666667
polymarket,30-180d,1h,1.0,7,70-80%,887,0.0,0.0,0.0,0.0,355.27916666666664
polymarket,30-180d,1h,1.0,8,80-90%,1180,0.013344448019591913,0.0,0.0,-0.013344448019591913,174.91000000000003
polymarket,30-180d,1h,1.0,9,90-100%,7770,0.9300875392313064,0.0,0.7,-0.1439938311269921,3.3244444444444445
polymarket,6-24h,6h,6.0,0,0-10%,475,15.217453811174897,3.0000022985715944,49.999983169988724,-0.8320952515710733,2.6866666666666674
polymarket,6-24h,6h,6.0,1,10-20%,701,11.040875118403408,3.0,44.90000275000124,0.14688958913224487,2.179722222222223
polymarket,6-24h,6h,6.0,2,20-30%,824,9.917655408479108,2.999999130749952,39.9699879949922,-1.1614702058586097,1.7615277777777778
polymarket,6-24h,6h,6.0,3,30-40%,948,9.034331328928223,2.000218144143332,38.57000000000013,0.3029096668022394,1.787777777777778
polymarket,6-24h,6h,6.0,4,40-50%,1345,7.9834233728381685,2.0,28.999737521545864,-0.05255842984757524,2.2266666666666666
polymarket,6-24h,6h,6.0,5,50-60%,2270,10.269173124722164,2.999987809990614,45.0,-1.0281821727511335,1.4447222222222225
polymarket,6-24h,6h,6.0,6,60-70%,4109,10.244196623167117,2.999985419993294,42.90000000729601,-0.7023675635604578,0.5491666666666664
polymarket,6-24h,6h,6.0,7,70-80%,1971,13.215880811113847,3.000000010579896,48.0000043350018,0.04700000293004836,0.1480555555555556
polymarket,6-24h,1h,1.0,0,0-10%,99,4.3413957236867695,0.0,4.399986044805864,0.08079028274389016,11.235555555555555
polymarket,6-24h,1h,1.0,1,10-20%,193,6.001405650075352,0.0,33.20000000000033,-1.2572664139587684,8.838611111111112
polymarket,6-24h,1h,1.0,2,20-30%,188,1.3277037272328027,0.0,3.1281552399631685,0.23805342214363892,7.385000000000001
polymarket,6-24h,1h,1.0,3,30-40%,344,1.695503252424948,0.0,4.0,0.36021281899543756,6.370138888888889
polymarket,6-24h,1h,1.0,4,40-50%,512,1.112724501226699,0.0,2.999999992107692,-0.039111414083064344,5.856527777777778
polymarket,6-24h,1h,1.0,5,50-60%,782,1.4645919404109438,0.0,3.922939541374097,-0.11197181183151957,4.823055555555555
polymarket,6-24h,1h,1.0,6,60-70%,1506,1.9875155967991807,0.0,3.999999875207532,0.11189097611800045,3.9216666666666664
polymarket,6-24h,1h,1.0,7,70-80%,3024,2.0860729685162123,0.0,3.379502483155429,0.12148737019346782,2.51875
polymarket,6-24h,1h,1.0,8,80-90%,6886,3.0629741057743827,0.0,4.422290242239793,-0.08230829406063042,1.1541666666666668
polymarket,6-24h,1h,1.0,9,90-100%,8436,5.491878219337571,0.9999952974954951,12.226244448930458,-0.16181157152863612,0.19444444444444442
polymarket,7-30d,7d,168.0,0,0-10%,5350,16.073942072468988,0.5999999999999943,53.000000024500004,-1.5424069969980134,134.54250000000002
polymarket,7-30d,7d,168.0,1,10-20%,7609,24.189796150424172,17.9,57.900000000000006,-0.4924531484614101,2.226944444444456
polymarket,7-30d,7d,168.0,2,20-30%,4420,15.152307323270051,2.000000137065417,51.89999918953755,0.08367670811845607,18.134305555555557
polymarket,7-30d,7d,168.0,3,30-40%,4331,12.66038094058781,3.0000001667652327,43.900000000000006,0.13937748475978337,3.25555555555556
polymarket,7-30d,7d,168.0,4,40-50%,6019,16.948371335210734,4.799999999999997,53.89993402304565,-0.6444174089211496,2.1358333333333235
polymarket,7-30d,7d,168.0,5,50-60%,2414,14.128877591636396,3.4000000000000057,46.45626189997294,-1.2379131915368866,7.039999999999992
polymarket,7-30d,7d,168.0,6,60-70%,2082,10.304989718101538,2.9000000000000057,31.000000800280016,-1.060188536736593,7.380138888888894
polymarket,7-30d,7d,168.0,7,70-80%,1972,8.657136621461328,2.8761989542782587,24.700000000000003,-0.33953034235845464,2.2844444444444463
polymarket,7-30d,3d,72.0,0,0-10%,4313,0.7727836848794423,0.0,0.0,-0.04633842795666665,258.5538888888889
polymarket,7-30d,3d,72.0,1,10-20%,6198,0.4809478749458768,0.0,0.0,-0.12227026983479354,93.42666666666666
polymarket,7-30d,3d,72.0,2,20-30%,5511,0.718810752861505,0.0,0.0,-0.02775948633849701,91.95777777777778
polymarket,7-30d,3d,72.0,3,30-40%,2590,1.844947779151772,0.0,1.9999991737394551,-0.4403493766886762,91.53444444444445
polymarket,7-30d,3d,72.0,4,40-50%,3825,2.1261174836116026,0.0,3.0000003379200044,-0.6186551718293567,91.4686111111111
polymarket,7-30d,3d,72.0,5,50-60%,5271,7.531638065587252,0.20000000000000284,24.900000000000006,-0.6810806935044477,44.62472222222222
polymarket,7-30d,3d,72.0,6,60-70%,4623,8.11422802671255,1.9999999898032925,25.326397931421603,-0.83538029400609,12.953611111111115
polymarket,7-30d,3d,72.0,7,70-80%,8246,6.076241865596639,1.9999969902751875,15.050008490002742,-0.26013432329293695,3.7247222222222263
polymarket,7-30d,3d,72.0,8,80-90%,5517,6.530972581419699,2.0,16.900000000000002,-0.28638108355606023,3.841111111111104
polymarket,7-30d,1d,24.0,0,0-10%,4141,0.2630848660586836,0.0,0.0,0.023192398971888004,306.6325
polymarket,7-30d,1d,24.0,1,10-20%,5987,0.08854603412016694,0.0,0.0,-0.011464102513941435,141.39055555555555
polymarket,7-30d,1d,24.0,2,20-30%,5265,0.19914974317875617,0.0,0.0,-0.012222280720883614,139.9686111111111
polymarket,7-30d,1d,24.0,3,30-40%,2240,0.4945465658450501,0.0,0.0,-0.023613338027271846,139.57958333333335
polymarket,7-30d,1d,24.0,4,40-50%,3221,0.43188600025596763,0.0,0.0,-0.07986878963051354,139.68583333333333
polymarket,7-30d,1d,24.0,5,50-60%,2569,0.7510128240232598,0.0,0.0,-0.05092693524700804,136.52305555555554
polymarket,7-30d,1d,24.0,6,60-70%,1365,2.8719415739128555,0.0,4.820423431325044,-0.7457516906667642,79.56277777777778
polymarket,7-30d,1d,24.0,7,70-80%,2178,3.5315847409831465,0.0,6.0,-0.6535000303516558,47.51763888888889
polymarket,7-30d,1d,24.0,8,80-90%,9204,7.00914172646292,1.4329577757587089,21.698977326668906,-0.3260104947551789,5.582222222222223
polymarket,7-30d,1d,24.0,9,90-100%,14080,4.816907969255379,1.364815784358452,9.513486222484719,0.006599577876989702,1.414305555555556
polymarket,7-30d,6h,6.0,0,0-10%,4101,0.11879560126623276,0.0,0.0,0.06524768612054145,324.5863888888889
polymarket,7-30d,6h,6.0,1,10-20%,5956,0.04822027968558793,0.0,0.0,-0.0009402308541596929,159.36208333333335
polymarket,7-30d,6h,6.0,2,20-30%,5227,0.09804239605039529,0.0,0.0,-0.014941603999820963,157.95472222222222
polymarket,7-30d,6h,6.0,3,30-40%,2173,0.0886566770394834,0.0,0.0,0.08345919998147198,157.56
polymarket,7-30d,6h,6.0,4,40-50%,3109,0.06260690475274783,0.0,0.0,-0.020669923560509784,157.6963888888889
polymarket,7-30d,6h,6.0,5,50-60%,2356,0.19914340068497502,0.0,0.0,0.039821912321572055,155.57999999999998
polymarket,7-30d,6h,6.0,6,60-70%,1009,0.6098859409705043,0.0,0.0,-0.07278832276412701,106.42222222222222
polymarket,7-30d,6h,6.0,7,70-80%,1261,1.159401128285711,0.0,0.0,-0.3976102599539479,76.51444444444445
polymarket,7-30d,6h,6.0,8,80-90%,1866,3.1075557315318685,0.0,4.949998685714174,0.15529795200477017,30.88111111111111
polymarket,7-30d,6h,6.0,9,90-100%,25774,4.6020208429319505,1.0,8.0,-0.006700421512442184,0.7277777777777779
polymarket,7-30d,1h,1.0,0,0-10%,4090,0.0,0.0,0.0,0.0,329.6325
polymarket,7-30d,1h,1.0,1,10-20%,5947,0.0013452161404688813,0.0,0.0,-0.0013452161404688813,164.35611111111112
polymarket,7-30d,1h,1.0,2,20-30%,5217,0.013398504887866591,0.0,0.0,-0.013398504887866591,162.94722222222222
polymarket,7-30d,1h,1.0,3,30-40%,2165,0.0,0.0,0.0,0.0,162.56194444444444
polymarket,7-30d,1h,1.0,4,40-50%,3090,0.00032362459546925567,0.0,0.0,0.00032362459546925567,162.69652777777776
polymarket,7-30d,1h,1.0,5,50-60%,2320,0.011412086328252836,0.0,0.0,0.0063258794317011076,160.68138888888888
polymarket,7-30d,1h,1.0,6,60-70%,969,0.05412253668041347,0.0,0.0,-0.053518361560352085,111.52638888888889
polymarket,7-30d,1h,1.0,7,70-80%,1153,0.2779320422269964,0.0,0.0,-0.07203446370838783,84.70361111111112
polymarket,7-30d,1h,1.0,8,80-90%,1365,0.31017985823685895,0.0,0.0,0.13155903174994962,37.52194444444444
polymarket,7-30d,1h,1.0,9,90-100%,27554,2.3650141597646033,0.027988666051715683,3.000001559803164,0.0708810696991015,0.4355555555555555
polymarket,>180d,30d,720.0,0,0-10%,1240,0.0,0.0,0.0,0.0,6352.935694444444
polymarket,>180d,30d,720.0,1,10-20%,332,0.0,0.0,0.0,0.0,5769.934722222222
polymarket,>180d,30d,720.0,2,20-30%,162,0.0,0.0,0.0,0.0,4124.1658333333335
polymarket,>180d,30d,720.0,3,30-40%,169,0.2182176797561413,0.0,0.0,-0.2182176797561413,3201.0641666666666
polymarket,>180d,30d,720.0,4,40-50%,110,0.9527272727272729,0.0,0.0,0.44727272727272716,2638.8533333333335
polymarket,>180d,30d,720.0,5,50-60%,80,1.8462500000000002,0.0,0.0,1.8362500000000002,1975.083472222222
polymarket,>180d,30d,720.0,6,60-70%,135,0.1957770295364162,0.0,0.0,0.07385260009321368,1401.1233333333334
polymarket,>180d,30d,720.0,7,70-80%,236,0.44427205681148213,0.0,0.0,-0.2584887691253792,588.1343055555556
polymarket,>180d,30d,720.0,8,80-90%,1621,5.3164084689690565,0.7000000000000001,14.0,-0.9017790389473547,9.152777777777828
polymarket,>180d,30d,720.0,9,90-100%,317,4.959821489923701,1.3000003517857408,12.698705967722995,-1.2629083083928447,1.0877777777777737
polymarket,>180d,7d,168.0,0,0-10%,1240,0.0,0.0,0.0,0.0,6904.935694444444
polymarket,>180d,7d,168.0,1,10-20%,332,0.0,0.0,0.0,0.0,6321.934722222222
polymarket,>180d,7d,168.0,2,20-30%,162,0.0,0.0,0.0,0.0,4676.1658333333335
polymarket,>180d,7d,168.0,3,30-40%,168,0.0,0.0,0.0,0.0,3753.065
polymarket,>180d,7d,168.0,4,40-50%,106,0.0,0.0,0.0,0.0,3190.8625
polymarket,>180d,7d,168.0,5,50-60%,77,0.0,0.0,0.0,0.0,2540.4194444444443
polymarket,>180d,7d,168.0,6,60-70%,127,0.0,0.0,0.0,0.0,1981.6527777777778
polymarket,>180d,7d,168.0,7,70-80%,205,0.0,0.0,0.0,0.0,1137.6169444444445
polymarket,>180d,7d,168.0,8,80-90%,309,0.0023999846717254222,0.0,0.0,-0.0023999846717254222,673.9997222222222
polymarket,>180d,7d,168.0,9,90-100%,1682,2.0120184166265394,0.10014935441307671,2.904799527824218,-0.10038747003781877,8.372500000000002
polymarket,>180d,3d,72.0,0,0-10%,1240,0.0,0.0,0.0,0.0,7000.935694444444
polymarket,>180d,3d,72.0,1,10-20%,332,0.0,0.0,0.0,0.0,6417.934722222222
polymarket,>180d,3d,72.0,2,20-30%,162,0.0,0.0,0.0,0.0,4772.1658333333335
polymarket,>180d,3d,72.0,3,30-40%,168,0.0,0.0,0.0,0.0,3849.065
polymarket,>180d,3d,72.0,4,40-50%,106,0.0,0.0,0.0,0.0,3286.8625
polymarket,>180d,3d,72.0,5,50-60%,77,0.0,0.0,0.0,0.0,2636.4194444444443
polymarket,>180d,3d,72.0,6,60-70%,127,0.0,0.0,0.0,0.0,2077.652777777778
polymarket,>180d,3d,72.0,7,70-80%,205,0.0,0.0,0.0,0.0,1233.6169444444445
polymarket,>180d,3d,72.0,8,80-90%,305,0.0,0.0,0.0,0.0,774.4327777777778
polymarket,>180d,3d,72.0,9,90-100%,1686,1.1127966325212366,0.04029034886090521,1.5,-0.24780922130301183,10.075138888888887
polymarket,>180d,1d,24.0,0,0-10%,1240,0.0,0.0,0.0,0.0,7048.935694444444
polymarket,>180d,1d,24.0,1,10-20%,332,0.0,0.0,0.0,0.0,6465.934722222222
polymarket,>180d,1d,24.0,2,20-30%,162,0.0,0.0,0.0,0.0,4820.1658333333335
polymarket,>180d,1d,24.0,3,30-40%,168,0.0,0.0,0.0,0.0,3897.065
polymarket,>180d,1d,24.0,4,40-50%,106,0.0,0.0,0.0,0.0,3334.8625
polymarket,>180d,1d,24.0,5,50-60%,77,0.0,0.0,0.0,0.0,2684.4194444444443
polymarket,>180d,1d,24.0,6,60-70%,127,0.0,0.0,0.0,0.0,2125.652777777778
polymarket,>180d,1d,24.0,7,70-80%,205,0.0,0.0,0.0,0.0,1281.6169444444445
polymarket,>180d,1d,24.0,8,80-90%,305,0.0,0.0,0.0,0.0,822.4327777777778
polymarket,>180d,1d,24.0,9,90-100%,1686,0.5423197059775743,0.0,0.8999999999999972,-0.008594022194756685,7.773055555555555
polymarket,>180d,6h,6.0,0,0-10%,1240,0.0,0.0,0.0,0.0,7066.935694444444
polymarket,>180d,6h,6.0,1,10-20%,332,0.0,0.0,0.0,0.0,6483.934722222222
polymarket,>180d,6h,6.0,2,20-30%,162,0.0,0.0,0.0,0.0,4838.1658333333335
polymarket,>180d,6h,6.0,3,30-40%,168,0.0,0.0,0.0,0.0,3915.065
polymarket,>180d,6h,6.0,4,40-50%,106,0.0,0.0,0.0,0.0,3352.8625
polymarket,>180d,6h,6.0,5,50-60%,77,0.0,0.0,0.0,0.0,2702.4194444444443
polymarket,>180d,6h,6.0,6,60-70%,127,0.0,0.0,0.0,0.0,2143.652777777778
polymarket,>180d,6h,6.0,7,70-80%,205,0.0,0.0,0.0,0.0,1299.6169444444445
polymarket,>180d,6h,6.0,8,80-90%,305,0.0,0.0,0.0,0.0,840.4327777777778
polymarket,>180d,6h,6.0,9,90-100%,1686,0.2771476508140442,0.0,0.3999999999999915,-0.03385404887726727,8.440972222222221
polymarket,>180d,1h,1.0,0,0-10%,1240,0.0,0.0,0.0,0.0,7071.935694444444
polymarket,>180d,1h,1.0,1,10-20%,332,0.0,0.0,0.0,0.0,6488.934722222222
polymarket,>180d,1h,1.0,2,20-30%,162,0.0,0.0,0.0,0.0,4843.1658333333335
polymarket,>180d,1h,1.0,3,30-40%,168,0.0,0.0,0.0,0.0,3920.065
polymarket,>180d,1h,1.0,4,40-50%,106,0.0,0.0,0.0,0.0,3357.8625
polymarket,>180d,1h,1.0,5,50-60%,77,0.0,0.0,0.0,0.0,2707.4194444444443
polymarket,>180d,1h,1.0,6,60-70%,127,0.0,0.0,0.0,0.0,2148.652777777778
polymarket,>180d,1h,1.0,7,70-80%,205,0.0,0.0,0.0,0.0,1304.6169444444445
polymarket,>180d,1h,1.0,8,80-90%,305,0.0,0.0,0.0,0.0,845.4327777777778
polymarket,>180d,1h,1.0,9,90-100%,1686,0.11178491349236065,0.0,0.10000000000000853,0.006883453567275184,6.422083333333333
