platform,lifespan_bucket,life_stage_index,life_stage_bucket,volume_metric_name,market_count,trade_count,contract_volume,trade_count_share,contract_volume_share,cumulative_contract_volume_share
kalshi,1-6h,0,0-10%,kalshi_contract_count,126423,515340.0,94428861.0,0.0867926142574056,0.13639915699826372,0.13639915699826372
kalshi,1-6h,1,10-20%,kalshi_contract_count,71718,494790.0,52024785.0,0.08333162108204625,0.07514796580058204,0.21154712279884577
kalshi,1-6h,2,20-30%,kalshi_contract_count,67298,455012.0,45744392.0,0.07663228353803438,0.06607615976854915,0.27762328256739494
kalshi,1-6h,3,30-40%,kalshi_contract_count,65786,458224.0,44700124.0,0.07717324266597862,0.06456775149832482,0.34219103406571977
kalshi,1-6h,4,40-50%,kalshi_contract_count,64788,454290.0,44036816.0,0.0765106856269585,0.06360962650272411,0.4058006605684439
kalshi,1-6h,5,50-60%,kalshi_contract_count,68626,547243.0,55696980.0,0.09216565879626153,0.08045232187380884,0.48625298244225273
kalshi,1-6h,6,60-70%,kalshi_contract_count,68041,594214.0,63829865.0,0.10007642816072886,0.09219998721908738,0.5784529696613401
kalshi,1-6h,7,70-80%,kalshi_contract_count,68079,687674.0,74812557.0,0.11581678933684002,0.10806409819646723,0.6865170678578073
kalshi,1-6h,8,80-90%,kalshi_contract_count,64871,810350.0,90706517.0,0.13647765545753993,0.131022362464466,0.8175394303222733
kalshi,1-6h,9,90-100%,kalshi_contract_count,53457,920465.0,126317084.0,0.1550230210782063,0.18246056967772667,1.0
kalshi,1-7d,0,0-10%,kalshi_contract_count,90777,381818.0,60747086.0,0.014787983505630264,0.011456646809666212,0.011456646809666212
kalshi,1-7d,1,10-20%,kalshi_contract_count,50255,413459.0,38622672.0,0.01601345371945373,0.007284074695362088,0.0187407215050283
kalshi,1-7d,2,20-30%,kalshi_contract_count,53864,579532.0,51379526.0,0.022445535980453825,0.009689964101818188,0.028430685606846487
kalshi,1-7d,3,30-40%,kalshi_contract_count,57979,719485.0,69291511.0,0.02786597884999762,0.013068089692978874,0.04149877529982536
kalshi,1-7d,4,40-50%,kalshi_contract_count,44946,526418.0,65485404.0,0.020388406782987898,0.01235027380270229,0.05384904910252765
kalshi,1-7d,5,50-60%,kalshi_contract_count,57220,902866.0,102139772.0,0.034968407764417536,0.019263134581037095,0.07311218368356474
kalshi,1-7d,6,60-70%,kalshi_contract_count,78316,1774083.0,169671653.0,0.06871103547140013,0.031999365402206166,0.10511154908577092
kalshi,1-7d,7,70-80%,kalshi_contract_count,89346,2564459.0,312620628.0,0.09932265475400605,0.058958945296767776,0.16407049438253868
kalshi,1-7d,8,80-90%,kalshi_contract_count,94358,2335542.0,444012829.0,0.09045659600308713,0.08373896586272006,0.24780946024525874
kalshi,1-7d,9,90-100%,kalshi_contract_count,107325,15621815.0,3988373227.0,0.6050399471685658,0.7521905397547413,1.0
kalshi,30-180d,0,0-10%,kalshi_contract_count,6707,496428.0,155246796.0,0.05542648126564434,0.044223294517498374,0.044223294517498374
kalshi,30-180d,1,10-20%,kalshi_contract_count,6491,483050.0,225599425.0,0.05393281961406186,0.06426380493387629,0.10848709945137465
kalshi,30-180d,2,20-30%,kalshi_contract_count,6613,796470.0,423204755.0,0.08892634890386471,0.12055326746692241,0.22904036691829707
kalshi,30-180d,3,30-40%,kalshi_contract_count,6753,1050321.0,617105152.0,0.11726896393719297,0.17578735013095922,0.4048277170492563
kalshi,30-180d,4,40-50%,kalshi_contract_count,6990,312534.0,116016500.0,0.034894606863184366,0.033048230176610856,0.43787594722586715
kalshi,30-180d,5,50-60%,kalshi_contract_count,7274,304505.0,88294700.0,0.03399816424092725,0.02515145318963081,0.46302740041549795
kalshi,30-180d,6,60-70%,kalshi_contract_count,7267,377124.0,91270444.0,0.04210611875402849,0.02599911772578445,0.4890265181412824
kalshi,30-180d,7,70-80%,kalshi_contract_count,7480,479936.0,119377680.0,0.05358513966317025,0.03400568924756215,0.5230322073888446
kalshi,30-180d,8,80-90%,kalshi_contract_count,7767,702513.0,191549406.0,0.0784359940079359,0.05456438402883284,0.5775965914176774
kalshi,30-180d,9,90-100%,kalshi_contract_count,8684,3953632.0,1482855959.0,0.4414253627499899,0.4224034085823226,1.0
kalshi,6-24h,0,0-10%,kalshi_contract_count,91533,161760.0,63287030.0,0.02491718916361055,0.061592668355277755,0.061592668355277755
kalshi,6-24h,1,10-20%,kalshi_contract_count,14426,109438.0,12827561.0,0.01685761218896644,0.012484133170415725,0.07407680152569347
kalshi,6-24h,2,20-30%,kalshi_contract_count,15052,119879.0,14616105.0,0.01846592309436492,0.014224793103909552,0.08830159462960303
kalshi,6-24h,3,30-40%,kalshi_contract_count,14389,121188.0,15097190.0,0.018667558854844436,0.014692998182512526,0.10299459281211555
kalshi,6-24h,4,40-50%,kalshi_contract_count,14688,133282.0,19566559.0,0.020530494597578768,0.01904271032059768,0.12203730313271324
kalshi,6-24h,5,50-60%,kalshi_contract_count,15852,179956.0,27916185.0,0.027720064868488506,0.027168794687467235,0.14920609782018046
kalshi,6-24h,6,60-70%,kalshi_contract_count,19311,298201.0,48189787.0,0.045934289847785796,0.04689961859171579,0.19610571641189625
kalshi,6-24h,7,70-80%,kalshi_contract_count,21827,626590.0,104282771.0,0.09651867926574392,0.10149084463866256,0.2975965610505588
kalshi,6-24h,8,80-90%,kalshi_contract_count,22741,1698894.0,253030834.0,0.26169425795575535,0.2462565274784002,0.5438530885289591
kalshi,6-24h,9,90-100%,kalshi_contract_count,24055,3042716.0,468695123.0,0.4686939301628613,0.45614691147104097,1.0
kalshi,7-30d,0,0-10%,kalshi_contract_count,7314,144034.0,19310887.0,0.007571710964124923,0.0031183750079648537,0.0031183750079648537
kalshi,7-30d,1,10-20%,kalshi_contract_count,7404,153812.0,25345751.0,0.008085729805559678,0.004092901402017432,0.007211276409982286
kalshi,7-30d,2,20-30%,kalshi_contract_count,8252,207106.0,32462275.0,0.010887337510143829,0.0052420972201682025,0.012453373630150488
kalshi,7-30d,3,30-40%,kalshi_contract_count,9282,252698.0,42992718.0,0.013284059438829997,0.006942582043780832,0.01939595567393132
kalshi,7-30d,4,40-50%,kalshi_contract_count,10032,324667.0,57156481.0,0.017067391613018776,0.009229785348214094,0.028625741022145414
kalshi,7-30d,5,50-60%,kalshi_contract_count,11012,387450.0,74382360.0,0.02036782574288155,0.012011467544574448,0.04063720856671986
kalshi,7-30d,6,60-70%,kalshi_contract_count,11390,481861.0,96156400.0,0.025330909485845005,0.015527599256102097,0.05616480782282196
kalshi,7-30d,7,70-80%,kalshi_contract_count,11747,648266.0,142029143.0,0.03407863962584812,0.022935255637603097,0.07910006346042506
kalshi,7-30d,8,80-90%,kalshi_contract_count,13128,885352.0,197307585.0,0.046541993178762855,0.03186177009610698,0.11096183355653204
kalshi,7-30d,9,90-100%,kalshi_contract_count,15981,15537403.0,5505468562.0,0.8167844026349853,0.889038166443468,1.0
kalshi,<=1h,0,0-10%,kalshi_contract_count,235,279.0,143209.0,0.42660550458715596,0.6786738257832455,0.6786738257832455
kalshi,<=1h,1,10-20%,kalshi_contract_count,18,25.0,4671.0,0.0382262996941896,0.02213607692417055,0.7008099027074162
kalshi,<=1h,2,20-30%,kalshi_contract_count,11,12.0,2319.0,0.01834862385321101,0.01098984422760683,0.711799746935023
kalshi,<=1h,3,30-40%,kalshi_contract_count,6,17.0,2297.0,0.02599388379204893,0.010885585248302238,0.7226853321833252
kalshi,<=1h,4,40-50%,kalshi_contract_count,9,17.0,2228.0,0.02599388379204893,0.010558591176846923,0.7332439233601721
kalshi,<=1h,5,50-60%,kalshi_contract_count,6,19.0,2177.0,0.0290519877675841,0.010316899906640822,0.7435608232668129
kalshi,<=1h,6,60-70%,kalshi_contract_count,14,46.0,7229.0,0.07033639143730887,0.034258552790586365,0.7778193760573993
kalshi,<=1h,7,70-80%,kalshi_contract_count,14,48.0,8068.0,0.07339449541284404,0.038234611137702414,0.8160539871951017
kalshi,<=1h,8,80-90%,kalshi_contract_count,24,110.0,28652.0,0.16819571865443425,0.13578310341069033,0.951837090605792
kalshi,<=1h,9,90-100%,kalshi_contract_count,14,81.0,10163.0,0.12385321100917432,0.04816290939420794,1.0
kalshi,>180d,0,0-10%,kalshi_contract_count,1257,57317.0,6502590.0,0.037769182108120934,0.013011629474381567,0.013011629474381567
kalshi,>180d,1,10-20%,kalshi_contract_count,1211,43313.0,17977780.0,0.0285412108911674,0.03597339093068261,0.04898502040506418
kalshi,>180d,2,20-30%,kalshi_contract_count,1257,49449.0,16411429.0,0.03258454360947837,0.03283913537423094,0.08182415577929512
kalshi,>180d,3,30-40%,kalshi_contract_count,1282,64518.0,14258957.0,0.042514299269880595,0.028532056484437643,0.11035621226373277
kalshi,>180d,4,40-50%,kalshi_contract_count,1325,63651.0,16316845.0,0.041942987427185746,0.03264987356282889,0.14300608582656166
kalshi,>180d,5,50-60%,kalshi_contract_count,1342,64367.0,17760034.0,0.04241479743799257,0.03553768296331443,0.17854376878987607
kalshi,>180d,6,60-70%,kalshi_contract_count,1325,102480.0,27869281.0,0.06752945517804897,0.05576620363415534,0.23430997242403143
kalshi,>180d,7,70-80%,kalshi_contract_count,1359,121142.0,30886466.0,0.07982682727536308,0.06180356617364529,0.2961135385976767
kalshi,>180d,8,80-90%,kalshi_contract_count,1503,200266.0,65223259.0,0.1319657871846912,0.1305112084907126,0.4266247470883893
kalshi,>180d,9,90-100%,kalshi_contract_count,1560,751057.0,286545524.0,0.4949109096180711,0.5733752529116107,1.0
