platform,category_group,lifespan_bucket,market_count,bucket_count,expected_calibration_error,signed_calibration_gap,low_tail_gap,high_tail_gap
kalshi,Crypto,<=1h,9,7,0.09444444444444444,-0.03444444444444444,-0.085,0.054000000000000006
kalshi,Crypto,1-6h,93457,20,0.046789860577591845,-0.027354826283745446,-0.03437291613234162,0.01932925827335768
kalshi,Crypto,6-24h,580,20,0.06213793103448276,-0.02951724137931034,-0.0228719723183391,0.03048387096774195
kalshi,Crypto,1-7d,20234,20,0.05515469012553129,-0.02729761787091034,-0.03335879996273176,0.026391500564121876
kalshi,Crypto,7-30d,1825,20,0.05330410958904107,-0.0017095890410959193,-0.03501809408926417,0.03697007481296751
kalshi,Crypto,30-180d,74,8,0.03810810810810812,-0.004594594594594584,-0.026944444444444444,0.017058823529411793
kalshi,Crypto,>180d,35,3,0.015714285714285705,0.0008571428571428484,-0.011818181818181818,0.022307692307692285
kalshi,Entertainment,<=1h,1,1,0.02,-0.02,-0.02,
kalshi,Entertainment,1-6h,12,4,0.04833333333333333,-0.04833333333333333,-0.030909090909090907,
kalshi,Entertainment,6-24h,381,20,0.041968503937007864,-0.01619422572178477,-0.004333333333333335,-0.024590163934426174
kalshi,Entertainment,1-7d,5908,20,0.01480704129993227,-0.012342586323628951,-0.01418297051529347,-0.003985680190930683
kalshi,Entertainment,7-30d,2400,20,0.04044583333333334,-0.021420833333333333,-0.026067498165810714,0.024656796769851958
kalshi,Entertainment,30-180d,1771,18,0.02647656691134954,-0.016211180124223578,-0.02009892827699918,0.014342379958246432
kalshi,Entertainment,>180d,223,10,0.02713004484304934,-0.005784753363228688,-0.01805714285714286,0.02261904761904768
kalshi,Esports,<=1h,22,8,0.17272727272727273,-0.17272727272727273,-0.07909090909090909,
kalshi,Esports,1-6h,2430,20,0.06998765432098765,-0.06660493827160494,-0.036259124087591244,0.07875000000000003
kalshi,Esports,6-24h,3694,20,0.035668651867893884,-0.03057390362750406,-0.02503182179793158,0.023571428571428476
kalshi,Esports,1-7d,1785,18,0.06973669467787116,-0.06894117647058824,-0.03,-0.004310344827586228
kalshi,Esports,7-30d,3,1,0.01333333333333333,-0.01333333333333333,-0.01333333333333333,
kalshi,Esports,>180d,9,2,0.012222222222222225,-0.01,-0.0125,0.010000000000000009
kalshi,Finance,1-6h,25018,20,0.05918498680949715,-0.0019374050683507863,-0.037054298138030996,0.038896706434179674
kalshi,Finance,6-24h,9616,20,0.043528494176372716,-0.03448523294509151,-0.03224961213583865,-0.007368024132730028
kalshi,Finance,1-7d,23147,20,0.023488141011794184,-0.01224953557696461,-0.018608940972222217,0.006853241296518619
kalshi,Finance,7-30d,2564,20,0.025226209048361925,-0.01988299531981278,-0.02119941491955144,-0.00033536585365844955
kalshi,Finance,30-180d,2119,20,0.020821142048135944,0.00045304388862674465,-0.00905852417302799,0.012531645569620333
kalshi,Finance,>180d,765,20,0.026235294117647058,-0.0012156862745097972,-0.0005013927576601676,0.00949685534591197
kalshi,Media,1-6h,45,8,0.044222222222222225,-0.032222222222222215,-0.014333333333333332,0.012222222222222245
kalshi,Media,6-24h,594,16,0.038771043771043796,-0.027929292929292898,-0.028950437317784256,7.750613568137885e-17
kalshi,Media,1-7d,4931,20,0.029703914013384722,-0.023177854390590134,-0.02418959231024196,0.009615094339622684
kalshi,Media,7-30d,798,19,0.023333333333333352,-0.01819548872180449,-0.016680161943319834,0.0035315985130112094
kalshi,Media,30-180d,617,14,0.024764991896272282,-0.008330632090761755,-0.016133828996282528,0.010252365930599357
kalshi,Media,>180d,44,5,0.03113636363636365,0.0015909090909090999,-0.018571428571428572,0.022500000000000048
kalshi,Other,1-6h,95,12,0.04052631578947369,-0.023052631578947363,-0.021041666666666667,0.015897435897435905
kalshi,Other,6-24h,519,19,0.024701348747591542,-0.01714836223506746,-0.018376623376623376,-0.006338797814207708
kalshi,Other,1-7d,2672,20,0.02923652694610778,-0.01800898203592814,-0.018306982872200266,0.0053485424588086295
kalshi,Other,7-30d,2396,20,0.02793823038397328,-0.01675292153589317,-0.022506527415143605,0.013636363636363596
kalshi,Other,30-180d,3091,20,0.027935943060498233,-0.01887738595923647,-0.019423368740515933,0.00837357052096577
kalshi,Other,>180d,435,16,0.03432183908045978,0.001126436781609204,-0.01757894736842105,0.027343750000000028
kalshi,Politics,<=1h,16,4,0.061250000000000006,-0.049999999999999996,-0.022,0.018000000000000016
kalshi,Politics,1-6h,341,16,0.03161290322580647,-0.014545454545454526,-0.01543010752688172,0.01248175182481756
kalshi,Politics,6-24h,1646,18,0.01895504252733899,-0.006537059538274619,-0.013742757821552725,0.011271753681392207
kalshi,Politics,1-7d,1957,20,0.020224833929483876,-0.0054573326520184215,-0.015235404896421846,0.012982248520709994
kalshi,Politics,7-30d,1039,20,0.023397497593840248,-0.010846968238691032,-0.01736568457538995,0.013599033816425167
kalshi,Politics,30-180d,1806,20,0.017015503875969014,-0.006306755260243607,-0.01307877813504823,0.013657142857142937
kalshi,Politics,>180d,219,6,0.01621004566210044,-0.009178082191780842,-0.014431818181818183,0.01833333333333324
kalshi,Science/Tech,1-6h,1,1,0.010000000000000009,0.010000000000000009,,0.010000000000000009
kalshi,Science/Tech,6-24h,3,2,0.010000000000000007,0.003333333333333339,-0.01,0.010000000000000009
kalshi,Science/Tech,1-7d,75,19,0.1186666666666667,-0.017333333333333326,0.011176470588235291,0.018823529411764718
kalshi,Science/Tech,7-30d,145,18,0.06744827586206893,-0.031034482758620655,-1.4802973661668755e-18,-0.002195121951219384
kalshi,Science/Tech,30-180d,170,12,0.03600000000000002,0.002705882352941191,-0.02059322033898305,0.025581395348837254
kalshi,Science/Tech,>180d,32,5,0.023750000000000004,-0.001249999999999996,-0.017391304347826087,0.04000000000000001
kalshi,Sports,<=1h,227,12,0.04176211453744494,-0.03444933920704846,-0.026963350785340318,0.015000000000000013
kalshi,Sports,1-6h,61032,20,0.028875016384847293,-0.028875016384847293,-0.019320424833369595,-0.028284313725490166
kalshi,Sports,6-24h,107655,20,0.019307138544424316,-0.018132645952347776,-0.013616902079980927,0.0069041738700913605
kalshi,Sports,1-7d,121544,20,0.021827239518199176,-0.019699121305864542,-0.010225747633991141,0.005521215830273368
kalshi,Sports,7-30d,9441,20,0.025554496345726093,-0.020224552483847046,-0.01511311475409836,0.007455357142857159
kalshi,Sports,30-180d,1426,18,0.021977559607293123,-0.011122019635343624,-0.016394849785407725,0.014353448275862062
kalshi,Sports,>180d,130,4,0.013,-0.010846153846153844,-0.011565217391304346,0.010000000000000009
kalshi,Weather,<=1h,2,2,0.08499999999999999,-0.08499999999999999,-0.08499999999999999,
kalshi,Weather,1-6h,30,6,0.12966666666666665,0.012333333333333326,0.02923076923076923,
kalshi,Weather,6-24h,400,12,0.0366,-0.031000000000000007,-0.01957446808510638,-0.09730769230769233
kalshi,Weather,1-7d,29342,20,0.015385113489196349,-0.008187921750391952,-0.013410098240804202,0.008831145477432002
kalshi,Weather,7-30d,186,8,0.027365591397849463,-0.00951612903225807,-0.02254545454545455,0.022432432432432422
kalshi,Weather,30-180d,584,16,0.027397260273972567,-0.009760273972602778,-0.0200920245398773,0.013541666666666579
kalshi,Weather,>180d,16,3,0.01562499999999999,-0.0056250000000000085,-0.016999999999999998,0.013333333333333308
kalshi,World Events,1-6h,1,1,0.15,-0.15,,
kalshi,World Events,6-24h,5,2,0.010000000000000007,0.006000000000000007,-0.01,0.010000000000000009
kalshi,World Events,1-7d,34,5,0.02470588235294117,-0.002941176470588238,-0.0235,0.02642857142857142
kalshi,World Events,7-30d,75,8,0.026533333333333346,-0.012933333333333326,-0.017142857142857144,0.018125000000000044
kalshi,World Events,30-180d,113,13,0.05486725663716815,0.018053097345132742,-0.010724637681159423,0.037027027027027044
kalshi,World Events,>180d,8,1,0.01,-0.01,-0.01,
polymarket,Crypto,<=1h,36,4,0.025315471598975917,0.017482138265642586,-0.009399999999999999,0.012966632456162253
polymarket,Crypto,1-6h,17964,20,0.018288372458962206,-0.0042348510952273525,-0.013095875666487797,0.00865966249636995
polymarket,Crypto,6-24h,1996,20,0.018543619028373756,-0.0035719917827845534,0.00016504286293475876,0.0021831191536408885
polymarket,Crypto,1-7d,59877,20,0.008143614165393618,-0.001593237327746352,-0.00666788121615901,0.005347071598407728
polymarket,Crypto,7-30d,2392,20,0.009046220548983113,-0.003905331884463039,-0.0026474329068443122,0.001925650113774999
polymarket,Crypto,30-180d,1002,16,0.01162648458254718,0.003216711063142409,-0.00011008706474616757,0.0005268978190262359
polymarket,Crypto,>180d,207,12,0.014983943247179743,0.009549905299642152,-0.003151503718001222,0.006175369392895278
polymarket,Entertainment,<=1h,2,2,0.20500000000000002,-0.195,,0.010000000000000009
polymarket,Entertainment,1-6h,8,8,0.2850245114426719,0.09364215850149539,-0.07184313725490196,0.1166666666666667
polymarket,Entertainment,6-24h,11,9,0.28205383275021395,-0.17976427046065166,-0.08666666956667242,-0.4299999991299995
polymarket,Entertainment,1-7d,1205,20,0.019125821982056278,-0.007163713169741374,-0.003185217388092064,-0.012192785025275255
polymarket,Entertainment,7-30d,643,20,0.05855843684519341,-0.013099677084750528,0.02425115772085561,-0.014173828414266924
polymarket,Entertainment,30-180d,464,20,0.02771491156723437,0.0006443035139493647,-0.005173785655405249,0.014635315656303988
polymarket,Entertainment,>180d,32,4,0.009753123479252897,-0.005690591369973811,-0.009151831021763975,0.013000102749693076
polymarket,Esports,1-6h,361,8,0.009076124595005947,0.0020298948107677055,0.0062927376262760844,-0.0026776140717494593
polymarket,Esports,6-24h,2667,20,0.00886201948261319,-0.005007354476295547,-0.0026396649933368246,0.00032251263700145056
polymarket,Esports,1-7d,3146,20,0.010830942381060246,-0.003446706074343705,-0.0003345789375920692,-0.001942574783112415
polymarket,Esports,7-30d,475,19,0.023610047721462944,-0.0015603228910332754,0.005500888422901528,-0.0037464164436024692
polymarket,Esports,30-180d,10,2,0.05281077906976743,-0.05281077906976743,-0.00222222222222221,
polymarket,Finance,1-6h,7,5,0.49571428571428583,-0.37,,
polymarket,Finance,6-24h,32,11,0.1361293321791996,-0.08273162630121438,-0.005841101190476155,0.03072721567462731
polymarket,Finance,1-7d,365,20,0.05760478339544314,0.0085153063387042,0.008450097760501454,0.01760676235175747
polymarket,Finance,7-30d,470,20,0.04405589851998458,-0.004556361673856896,-0.004264317260438757,-0.026605616728456703
polymarket,Finance,30-180d,533,20,0.029078277684555915,0.0018275647904554073,0.0035709306811121657,0.0030511013831412996
polymarket,Finance,>180d,97,3,0.004348468280447559,0.0017116518046868894,-0.0019087402846924247,0.0035833042803110615
polymarket,Health,1-6h,5,5,0.26378478294811925,-0.017287936648626247,,0.11041826937933996
polymarket,Health,6-24h,29,10,0.17893303052415221,-0.0072182162735237795,,0.13435057256996996
polymarket,Health,1-7d,109,20,0.1229260171684397,0.045270731970653406,-0.03532264551967867,-0.03268585671752974
polymarket,Health,7-30d,352,19,0.04715947674658724,-0.007635471468932161,-0.005603753016810445,-0.01020118865531084
polymarket,Health,30-180d,75,12,0.04666907418417565,-0.011057609961878304,-0.008135732484105294,0.00881201588516051
polymarket,Health,>180d,19,3,0.05363157099146073,-0.047315782457250224,-0.0010000202733770323,-0.11874995941279509
polymarket,Other,<=1h,119,8,0.11306994818982637,0.05475128068225999,-0.065,-0.74
polymarket,Other,1-6h,2047,20,0.019475142043233182,-0.00836488466344458,0.011784858401419775,-0.036177924269178034
polymarket,Other,6-24h,10855,20,0.012841216878665409,-0.009610002677709317,0.0046244890035953235,-0.020994878779567988
polymarket,Other,1-7d,28705,20,0.014924323682208734,-0.010058882585317112,0.001351298279047824,-0.03125111810811794
polymarket,Other,7-30d,37842,20,0.006828939864926682,-0.004403484759995199,-0.0014263235877585243,-0.010188156584636522
polymarket,Other,30-180d,7977,20,0.005440732536010777,-0.0022407042655206316,-0.0011619022801181726,-0.009053669569790609
polymarket,Other,>180d,1941,17,0.004604586785067609,-0.0007977087534397703,-0.002042151694664857,0.0010754062757331053
polymarket,Politics,1-6h,127,20,0.20079942118629557,-0.0778970215826676,0.010225586750713342,-0.35642777390973257
polymarket,Politics,6-24h,833,20,0.05873770578228749,-0.03433019144579842,-0.02706664231276943,-0.02070230655000924
polymarket,Politics,1-7d,3160,20,0.030620128484944782,-0.027439222251051543,-0.00906546766036824,-0.028182033723790495
polymarket,Politics,7-30d,2133,20,0.01836430189636854,-0.00011629102960912748,0.0036187454403755178,-0.007670011987215581
polymarket,Politics,30-180d,2443,20,0.012202965705683326,0.00010895033014321617,-0.0048494083054222035,0.006565253085470064
polymarket,Politics,>180d,1395,20,0.013354858357071576,-0.005776021065799398,-0.0046766363703173485,0.00685753818271166
polymarket,Science/Tech,1-6h,14,6,0.16568524180172645,-0.025743329626845005,0.15259227579056509,0.0028079460961558667
polymarket,Science/Tech,6-24h,68,13,0.11099484135876603,-0.08005419792984707,-0.022393465748649498,-0.083657729398781
polymarket,Science/Tech,1-7d,1004,20,0.022634619855763184,-0.009565661433390125,-0.002600845477903761,0.0008087611581861374
polymarket,Science/Tech,7-30d,491,20,0.032804270435992815,-0.009854979010831943,0.0037538738293966256,0.004788570275368872
polymarket,Science/Tech,30-180d,530,13,0.01754814234138132,-0.005526782492749571,-0.006051351214874854,-0.0004806015714438927
polymarket,Science/Tech,>180d,124,4,0.008713617417845688,0.006388552736082068,-0.001413274610483768,0.003316728313176087
polymarket,Sports,<=1h,157,8,0.09140228789491742,0.02478019378388334,0.59,
polymarket,Sports,1-6h,672,18,0.057683586500333235,-0.04151675471918731,0.36857141628565404,-0.3709999961199354
polymarket,Sports,6-24h,6863,20,0.044448667644788886,-0.035086263773224186,0.04830683808505074,-0.36651925585344475
polymarket,Sports,1-7d,8237,20,0.03008125762071973,-0.004816071551723,0.03869570443344189,-0.16633321976038157
polymarket,Sports,7-30d,8391,20,0.00798035870463887,-0.00010132610607580934,-0.00031763602386611985,-0.003827307261293949
polymarket,Sports,30-180d,1312,19,0.01193080157460986,-0.008744920125915332,-0.0016246121841732768,-0.005699111915779653
polymarket,Sports,>180d,499,11,0.008717531933292704,-0.003763513067965873,-0.0017983426367981267,0.0012827647008468723
polymarket,Weather,<=1h,1,1,0.45999999999999996,0.45999999999999996,,
polymarket,Weather,1-6h,16,4,0.19401343488658024,-0.050986565113419785,,
polymarket,Weather,6-24h,407,20,0.06515312788368265,0.013804017367618252,0.01064926601319833,-0.028389231358229954
polymarket,Weather,1-7d,6560,20,0.018305068591553605,-0.001562282144873345,0.010258214517604036,-0.06417141042489782
polymarket,Weather,7-30d,193,17,0.07965204335740307,-0.022411145314885104,-0.010667707528378733,-0.03654473466398717
polymarket,Weather,30-180d,85,10,0.029494017789537322,-0.004072942489099403,-0.005741536322068331,0.006565368504434849
polymarket,Weather,>180d,13,2,0.0014465046615599825,-0.0009827434717657097,-0.0015790112866617,0.0010048159112209243
polymarket,World Events,1-6h,5,4,0.15625735136266278,-0.15625735136266278,-0.09,
polymarket,World Events,6-24h,40,16,0.18672062138005646,-0.0992842768217378,-0.0578085821422175,-0.07335660810910982
polymarket,World Events,1-7d,396,20,0.04764383224895317,-0.026861343613416848,-0.016884651916154764,-0.029154147928971575
polymarket,World Events,7-30d,660,19,0.021010203529936954,-0.017161533309370102,-0.007743692221894448,-0.0042025090604047586
polymarket,World Events,30-180d,494,19,0.0205189562513635,0.0007712635530532881,-0.0061672738683630456,0.0036284866438815186
polymarket,World Events,>180d,81,3,0.0037243070240040466,-0.0031755084302319903,-0.003992036084236564,0.0020205766407062065
